os_type,os_days_since_update,firewall_enabled,antivirus_enabled,days_since_av_update,browser_safe_browsing_enabled,browser_autofill_passwords,risky_extension_count,risk_score_0_10,risk_tier
macOS,67.6,1,1,17.5,1,1,1,1.66,Low
Windows,123.3,1,1,24.4,0,0,2,4.35,Medium
Linux,180.1,1,0,11.9,1,1,2,5.6,Medium
macOS,27.5,1,1,12.5,0,0,0,1.97,Low
Windows,78.1,0,1,5.1,1,1,0,4.31,Medium
Linux,25.1,1,1,25.3,1,0,1,1.12,Low
macOS,62.3,1,0,56.3,1,1,1,3.33,Low
macOS,68.5,1,1,43.5,1,0,1,1.27,Low
Windows,158.3,0,1,128.9,1,0,0,6.09,Medium
Windows,249.1,0,1,20.8,1,1,2,6.42,Medium
Windows,113.8,0,0,16.5,0,0,1,9.47,High
Linux,181.1,1,1,85.7,1,1,2,5.17,Medium
macOS,207.2,1,0,157.3,0,0,2,6.99,Medium
macOS,148.0,0,0,78.8,1,1,1,8.51,High
Windows,83.0,1,0,39.4,1,0,0,3.43,Low
Windows,113.7,0,0,50.5,0,1,1,9.97,High
macOS,166.0,1,1,62.2,0,0,2,5.64,Medium
Windows,152.1,0,0,74.3,0,1,0,10.0,High
macOS,26.7,1,1,32.4,1,1,3,2.3,Low
macOS,30.4,0,1,20.2,1,0,2,4.33,Medium
macOS,151.6,1,1,124.6,0,0,1,5.33,Medium
Windows,152.5,1,0,87.8,1,1,2,4.61,Medium
Linux,339.6,0,1,63.9,1,0,5,8.33,High
Linux,22.1,1,1,45.1,1,0,2,2.69,Low
macOS,184.7,1,1,32.7,0,1,1,7.02,High
Windows,81.9,0,0,153.4,1,1,2,7.45,High
Windows,85.5,1,1,22.9,1,0,0,2.23,Low
Windows,150.4,1,1,13.4,1,0,1,3.12,Low
Windows,65.1,0,0,86.8,1,1,5,9.11,High
macOS,32.3,0,1,85.5,1,1,1,4.6,Medium
macOS,177.9,0,1,164.6,1,1,1,7.06,High
Linux,150.0,1,1,127.3,1,0,2,3.94,Low
Windows,77.4,1,1,62.9,1,0,3,2.72,Low
Windows,42.0,0,0,44.2,1,1,2,6.76,Medium
Windows,89.9,0,0,23.3,1,0,0,6.55,Medium
Windows,16.5,0,1,1.5,1,0,2,2.92,Low
Windows,18.9,1,1,2.3,1,0,0,0.68,Low
Windows,285.8,1,0,118.1,0,0,1,6.3,Medium
Windows,127.3,1,0,12.5,1,1,5,6.23,Medium
macOS,85.3,0,1,85.2,0,1,3,7.69,High
Windows,324.0,0,0,149.1,0,1,1,10.0,High
macOS,55.5,1,0,45.5,0,1,2,6.43,Medium
macOS,138.9,1,0,60.4,1,0,4,5.63,Medium
Windows,20.7,1,1,21.9,0,1,0,3.24,Low
macOS,49.8,1,1,109.3,1,0,0,1.42,Low
macOS,212.4,0,0,15.0,0,1,2,10.0,High
Windows,96.8,1,0,21.7,1,1,1,4.44,Medium
Windows,101.7,1,0,54.6,1,0,0,3.47,Low
macOS,83.1,1,1,33.2,1,0,1,1.7,Low
Windows,96.3,1,0,49.5,1,0,0,3.47,Low
Windows,152.1,0,0,99.6,1,1,1,8.9,High
Windows,64.1,1,1,6.4,1,1,0,1.87,Low
macOS,31.8,1,1,41.8,1,0,0,0.77,Low
macOS,178.5,0,0,55.4,0,1,0,10.0,High
macOS,9.3,0,1,31.3,1,1,2,3.29,Low
macOS,55.4,1,1,94.2,1,0,1,2.55,Low
Windows,97.7,0,1,29.3,0,0,2,6.85,Medium
macOS,59.9,0,1,19.1,1,1,0,3.6,Low
Windows,117.5,1,1,76.5,1,0,2,3.07,Low
Windows,62.8,1,0,55.4,1,0,2,2.8,Low
macOS,73.4,1,1,39.4,0,1,2,5.46,Medium
Windows,137.7,1,1,106.3,0,0,2,5.18,Medium
macOS,140.2,0,0,31.2,0,1,1,10.0,High
macOS,91.7,0,1,71.2,0,1,2,8.01,High
macOS,145.5,1,0,24.1,1,1,1,4.35,Medium
macOS,14.5,0,1,29.5,1,0,1,3.01,Low
macOS,20.1,0,1,64.3,1,1,1,3.99,Low
Windows,161.3,0,0,29.8,0,1,0,10.0,High
Windows,44.0,0,1,50.3,1,1,3,5.81,Medium
Windows,67.7,1,1,75.0,1,0,2,2.7,Low
Windows,115.0,1,0,89.5,1,1,2,4.27,Medium
Windows,216.0,0,1,26.2,0,1,4,10.0,High
Linux,75.5,1,1,4.9,1,0,3,1.36,Low
Windows,110.6,0,1,81.4,1,1,1,5.89,Medium
Windows,176.7,1,0,30.8,0,1,2,7.27,High
Windows,175.4,0,0,89.3,1,1,1,9.41,High
Windows,110.3,0,1,59.0,1,1,2,6.08,Medium
macOS,47.0,0,0,20.9,0,1,0,9.36,High
macOS,205.1,1,1,84.3,0,0,2,6.2,Medium
macOS,120.4,1,0,46.1,0,0,1,5.12,Medium
macOS,13.7,0,1,15.9,0,0,2,5.09,Medium
Windows,107.9,1,1,41.0,1,1,1,2.76,Low
macOS,223.4,0,0,83.4,1,0,4,10.0,High
Windows,56.1,0,0,4.5,0,0,0,7.26,High
Windows,203.9,0,0,101.5,0,0,0,10.0,High
Windows,88.7,1,1,190.9,1,1,0,3.47,Low
macOS,57.3,0,1,61.4,1,0,1,4.59,Medium
Windows,77.2,1,1,32.2,1,1,0,1.94,Low
Windows,63.0,1,1,93.9,1,0,0,1.71,Low
Windows,127.7,1,0,146.4,1,0,2,3.86,Low
Windows,54.8,1,0,44.2,1,1,4,3.87,Low
macOS,74.0,1,1,9.5,1,0,1,1.97,Low
Windows,81.5,0,1,58.1,1,0,1,5.11,Medium
Windows,89.2,1,1,49.6,1,1,0,2.85,Low
Windows,34.9,1,1,18.3,0,1,0,3.14,Low
macOS,157.1,1,0,114.7,1,1,3,7.27,High
Windows,59.0,1,1,20.3,1,0,3,1.88,Low
Windows,168.0,0,0,96.6,0,1,4,10.0,High
Windows,205.5,0,1,43.8,1,0,2,6.75,Medium
Linux,259.8,1,1,133.4,1,1,1,4.14,Medium
Linux,38.5,1,1,38.3,1,1,2,2.14,Low
macOS,97.2,1,1,8.9,1,0,4,3.68,Low
Windows,29.5,0,1,23.0,1,0,1,3.4,Low
Linux,109.5,0,1,43.4,1,0,1,5.69,Medium
macOS,61.7,0,0,101.6,1,1,4,7.3,High
macOS,124.9,1,1,20.8,1,0,1,2.72,Low
Windows,54.7,1,0,14.8,1,0,0,2.33,Low
Windows,22.0,0,1,33.3,1,0,4,4.0,Medium
Windows,119.8,1,0,24.7,1,0,1,4.26,Medium
Linux,15.6,1,1,50.8,1,0,0,0.99,Low
Windows,107.4,1,0,24.0,0,0,0,4.8,Medium
Windows,173.4,1,1,123.2,0,1,3,7.54,High
Windows,90.5,1,1,47.8,0,1,3,7.14,High
macOS,182.6,0,0,23.5,1,1,0,8.45,High
Windows,58.3,0,1,35.8,1,0,1,3.99,Low
Linux,32.7,0,1,51.1,1,0,1,3.61,Low
macOS,20.9,1,1,15.3,1,1,2,0.59,Low
macOS,228.5,0,1,94.7,1,1,1,7.26,High
Windows,84.3,1,0,37.4,0,0,0,4.33,Medium
macOS,67.0,0,0,32.7,0,1,2,10.0,High
macOS,127.9,1,1,34.6,1,0,0,3.01,Low
macOS,84.2,1,1,158.7,0,0,3,4.64,Medium
Windows,181.4,1,0,98.6,0,1,3,9.5,High
Windows,313.9,1,0,95.0,0,0,2,6.8,Medium
Windows,202.5,0,1,141.8,0,1,1,9.88,High
Windows,78.6,1,1,84.3,0,0,0,3.84,Low
Windows,147.7,0,1,111.1,1,0,5,8.11,High
Windows,9.7,1,1,44.1,0,0,1,2.37,Low
Windows,72.2,1,1,55.7,1,1,1,2.92,Low
macOS,356.9,0,0,62.9,0,1,4,10.0,High
Windows,87.2,0,0,85.7,1,1,2,8.05,High
Linux,35.5,1,0,218.8,0,0,4,4.36,Medium
macOS,54.4,1,0,1.7,1,1,2,4.32,Medium
Windows,80.6,0,1,62.0,1,1,0,5.85,Medium
macOS,109.8,0,0,78.2,0,1,5,10.0,High
Windows,193.9,0,1,130.7,0,1,1,9.5,High
Linux,174.4,0,1,116.2,0,1,2,10.0,High
Windows,658.7,0,0,112.5,0,1,3,10.0,High
macOS,129.4,1,1,46.8,0,0,3,5.61,Medium
Windows,79.5,1,1,54.5,1,0,1,3.5,Low
Windows,17.4,0,1,20.4,1,0,0,2.82,Low
Windows,147.8,0,1,118.3,0,0,2,6.92,Medium
Linux,85.3,0,0,113.6,1,1,0,7.09,High
macOS,372.4,0,1,160.5,1,1,2,7.23,High
Windows,14.7,0,1,31.0,1,0,1,3.65,Low
Windows,138.2,0,1,75.5,0,1,2,8.97,High
Windows,65.9,1,1,27.5,0,0,2,2.82,Low
Windows,89.6,1,1,28.3,1,0,0,0.84,Low
Windows,84.7,0,0,112.4,0,1,1,10.0,High
Windows,62.3,1,1,32.3,0,0,0,3.02,Low
macOS,77.4,1,0,69.6,1,1,3,4.56,Medium
Linux,83.7,0,1,42.6,0,1,2,7.47,High
Windows,106.4,1,0,30.2,1,0,1,3.58,Low
macOS,45.8,1,1,61.3,0,1,0,4.3,Medium
Windows,27.4,1,0,33.4,1,0,0,1.84,Low
macOS,269.6,0,1,31.7,1,1,2,7.13,High
Windows,276.4,1,0,39.8,0,0,1,6.21,Medium
macOS,87.0,1,1,16.8,1,0,2,1.52,Low
macOS,56.4,1,1,71.5,1,0,0,2.43,Low
macOS,82.4,0,1,38.2,1,0,1,4.72,Medium
Windows,123.6,1,0,203.7,1,0,4,5.96,Medium
Linux,73.6,1,0,47.2,0,0,0,4.83,Medium
Windows,30.0,1,1,47.9,1,0,0,1.17,Low
Windows,32.4,1,1,40.2,1,1,1,1.8,Low
macOS,43.2,0,1,32.1,1,1,3,4.32,Medium
Windows,56.6,1,1,22.0,1,1,1,2.38,Low
macOS,23.3,1,1,10.6,1,1,1,0.65,Low
macOS,83.1,0,0,88.9,0,0,0,8.36,High
Windows,176.7,1,1,52.4,1,0,2,4.53,Medium
Linux,81.5,1,0,172.5,1,1,4,3.82,Low
Windows,32.3,0,1,106.5,1,0,4,5.17,Medium
Windows,59.7,0,1,17.0,0,0,1,4.52,Medium
Windows,56.7,0,1,127.5,1,0,0,3.78,Low
Linux,70.4,1,1,42.9,1,1,1,2.58,Low
Windows,61.5,0,1,28.3,0,0,2,6.0,Medium
Windows,33.4,0,1,21.2,1,1,1,3.46,Low
Windows,71.4,1,1,1.4,0,0,2,3.38,Low
Linux,47.0,1,1,38.8,1,1,1,2.44,Low
Linux,211.1,0,1,180.4,1,1,3,8.54,High
macOS,30.2,0,1,8.7,1,1,2,4.02,Medium
Linux,108.0,0,1,92.6,0,1,1,8.69,High
Linux,269.0,1,0,193.9,0,1,0,8.21,High
Windows,28.0,0,1,37.1,0,1,0,6.05,Medium
Windows,58.0,1,1,36.3,1,1,2,2.14,Low
macOS,74.5,1,1,36.1,1,1,0,2.3,Low
macOS,200.4,1,1,54.5,0,0,1,5.19,Medium
Windows,83.4,1,0,59.1,1,1,0,4.08,Medium
Windows,126.9,1,0,96.1,1,0,0,4.05,Medium
macOS,73.7,1,1,27.6,1,1,0,2.22,Low
Windows,164.0,0,1,36.6,1,1,1,7.01,High
Linux,42.8,1,0,47.1,0,0,3,4.67,Medium
Windows,146.0,0,0,42.4,1,0,3,10.0,High
Windows,66.2,0,1,33.0,0,0,3,6.29,Medium
macOS,160.4,0,1,46.7,0,1,3,10.0,High
Windows,51.3,1,1,8.4,1,0,2,0.89,Low
Windows,121.5,1,1,157.2,1,1,2,4.17,Medium
macOS,92.9,1,1,7.2,0,0,4,5.69,Medium
Linux,120.1,1,1,39.8,1,1,2,3.51,Low
Windows,65.7,0,0,19.2,1,0,3,6.94,Medium
Windows,144.8,1,1,24.2,1,1,1,3.49,Low
macOS,230.5,1,1,26.1,1,1,2,4.49,Medium
Linux,169.0,0,1,5.9,1,0,1,6.13,Medium
Windows,83.6,1,1,28.6,1,0,0,1.92,Low
Windows,55.1,1,0,16.3,1,1,1,3.73,Low
Windows,259.1,0,0,36.3,0,0,3,10.0,High
Windows,73.1,1,1,56.1,1,0,2,2.92,Low
Windows,83.7,1,1,5.1,1,1,0,2.08,Low
macOS,127.8,1,1,4.2,1,1,1,2.94,Low
Windows,117.4,1,0,111.3,0,1,5,8.06,High
Windows,98.3,1,0,31.5,1,0,2,2.78,Low
macOS,155.1,0,0,30.7,1,1,1,8.7,High
macOS,172.0,1,0,139.0,0,1,5,8.55,High
Windows,112.4,0,1,293.8,0,1,7,10.0,High
macOS,319.2,1,1,85.7,1,1,3,6.56,Medium
macOS,464.5,0,1,105.7,0,1,1,9.51,High
macOS,112.9,0,0,22.5,0,0,1,7.88,High
Windows,173.2,1,1,40.9,0,0,5,7.02,High
Windows,18.7,1,1,27.9,1,1,0,1.46,Low
Linux,190.9,1,0,26.5,0,0,5,8.8,High
Windows,44.3,1,0,4.1,1,0,2,2.99,Low
Windows,86.7,1,0,138.8,1,1,4,4.43,Medium
Windows,161.6,0,0,15.4,1,1,1,9.15,High
macOS,94.5,0,1,45.1,1,1,2,6.39,Medium
Linux,34.2,0,1,58.4,1,0,0,3.89,Low
Windows,180.6,1,0,44.0,1,1,0,4.7,Medium
Linux,127.4,0,1,19.9,0,0,6,8.27,High
Windows,85.7,1,1,141.6,1,0,1,2.32,Low
macOS,46.6,1,1,26.9,1,0,0,0.76,Low
macOS,197.8,1,0,58.0,1,0,2,4.91,Medium
Windows,268.5,0,0,100.5,0,1,3,10.0,High
Windows,13.4,1,0,17.0,0,0,2,3.22,Low
Windows,120.2,1,1,27.4,0,1,2,5.54,Medium
Linux,82.9,1,0,1.1,1,0,0,4.18,Medium
macOS,32.7,0,1,15.8,1,0,0,3.44,Low
Linux,146.0,0,0,39.0,1,0,3,9.82,High
macOS,109.5,1,1,51.8,1,0,1,3.12,Low
Windows,17.0,0,1,6.4,1,0,0,2.86,Low
macOS,106.7,0,1,74.9,0,0,1,6.6,Medium
Windows,49.0,0,0,44.4,1,1,3,7.48,High
Windows,97.3,1,0,65.0,0,1,2,6.73,Medium
macOS,64.3,1,1,68.2,0,1,0,4.15,Medium
macOS,169.3,1,1,73.7,1,0,5,5.81,Medium
Windows,144.8,1,0,62.6,1,1,1,4.18,Medium
Windows,178.3,0,1,267.2,0,1,0,8.89,High
macOS,77.8,0,0,21.9,0,0,1,8.58,High
Linux,269.5,0,0,156.4,0,1,4,10.0,High
macOS,103.6,1,1,67.2,1,1,0,3.13,Low
Windows,92.2,1,1,51.0,0,1,0,4.1,Medium
Windows,161.8,1,1,55.0,1,0,3,4.84,Medium
Windows,95.3,1,0,39.3,0,0,3,5.91,Medium
macOS,131.9,0,1,44.8,0,1,0,7.51,High
Linux,103.8,0,1,37.3,1,0,2,5.26,Medium
Windows,58.6,0,1,84.8,0,0,3,6.36,Medium
Windows,84.5,0,1,43.2,0,1,2,8.07,High
Windows,277.6,1,0,36.9,1,0,1,5.51,Medium
macOS,64.3,1,0,68.8,0,1,2,6.49,Medium
macOS,252.5,0,1,101.1,0,1,1,9.64,High
Windows,66.4,0,1,30.6,0,1,3,7.52,High
Windows,146.3,1,0,68.9,0,1,1,7.31,High
macOS,18.7,1,0,57.4,0,0,0,2.93,Low
Windows,16.2,1,0,87.7,1,0,0,2.0,Low
macOS,103.4,1,1,122.3,0,0,0,3.93,Low
Windows,33.4,1,1,224.1,1,0,0,1.0,Low
Windows,112.5,1,1,103.5,0,1,2,5.38,Medium
Linux,129.5,1,1,50.4,1,0,0,2.09,Low
Windows,70.5,0,1,24.3,1,1,0,4.42,Medium
Windows,93.9,1,0,55.6,0,0,0,4.4,Medium
Windows,146.7,0,1,151.6,0,1,2,8.81,High
Windows,271.5,1,0,58.1,1,1,4,6.74,Medium
Windows,33.7,1,1,27.9,1,0,1,0.99,Low
Windows,117.9,1,0,49.5,0,0,1,4.86,Medium
Windows,142.0,1,1,31.7,1,1,2,3.94,Low
Windows,156.8,1,1,40.8,0,0,4,6.99,Medium
macOS,309.1,0,1,137.6,0,1,5,10.0,High
macOS,77.4,1,1,67.2,1,1,1,3.41,Low
Windows,120.7,0,0,75.8,0,1,1,10.0,High
Windows,127.1,1,0,41.2,0,1,3,7.59,High
Windows,264.0,0,0,37.4,0,1,4,10.0,High
Linux,134.1,1,1,58.5,1,1,1,3.14,Low
Linux,44.7,0,0,80.9,1,1,0,6.47,Medium
Windows,239.1,1,0,25.0,1,1,1,5.81,Medium
Windows,14.1,1,1,34.6,1,0,0,1.27,Low
Windows,58.9,1,1,24.3,1,0,0,1.35,Low
Windows,273.4,0,1,63.1,1,0,1,6.47,Medium
macOS,153.3,0,0,47.3,1,1,3,10.0,High
Windows,118.0,1,1,34.4,1,1,3,5.18,Medium
Windows,20.1,0,1,63.8,1,1,3,5.19,Medium
Windows,136.8,0,1,60.5,0,1,3,10.0,High
Windows,20.9,1,1,9.0,1,0,1,0.95,Low
Windows,52.6,1,1,31.0,1,1,0,2.0,Low
macOS,44.6,0,0,60.1,1,0,2,6.54,Medium
Windows,163.5,0,0,25.7,1,1,2,8.47,High
Linux,105.4,1,1,12.9,1,0,3,3.23,Low
Windows,93.0,1,0,13.6,1,1,0,4.02,Medium
macOS,132.9,1,1,66.4,1,0,0,3.74,Low
Linux,95.0,1,1,13.3,1,1,1,2.66,Low
Linux,81.2,0,0,79.1,0,1,2,9.6,High
macOS,93.1,1,1,32.3,1,0,2,2.62,Low
macOS,88.8,1,1,37.4,1,0,0,2.29,Low
macOS,136.5,0,0,133.8,0,0,0,8.46,High
macOS,160.6,0,0,38.2,0,1,0,10.0,High
Windows,59.3,1,1,53.0,1,1,3,3.29,Low
Windows,324.5,0,1,50.1,1,0,3,7.63,High
Windows,42.0,1,1,46.3,0,0,5,3.81,Low
Linux,120.7,0,1,80.4,1,0,2,5.71,Medium
Windows,68.2,1,1,31.2,1,1,1,2.9,Low
Windows,68.0,1,1,59.6,1,0,1,2.08,Low
macOS,65.6,1,0,72.6,1,1,5,3.79,Low
Windows,184.5,0,0,376.2,0,0,2,10.0,High
Windows,71.4,1,1,64.2,1,0,1,1.95,Low
Windows,99.3,0,0,23.2,0,0,3,10.0,High
Windows,71.8,1,1,44.5,0,1,6,5.71,Medium
Windows,190.5,1,0,83.9,1,1,3,6.52,Medium
Windows,26.2,0,1,83.4,0,1,2,6.67,Medium
Windows,109.7,0,1,21.4,1,1,0,4.98,Medium
Windows,225.4,0,1,31.3,1,0,2,6.34,Medium
Windows,77.1,1,1,38.3,0,0,1,2.88,Low
macOS,300.0,1,1,93.0,0,1,1,6.63,Medium
Windows,221.4,1,1,130.7,1,1,5,6.8,Medium
Linux,111.1,1,1,2.5,1,1,4,4.92,Medium
Linux,74.3,1,1,65.8,1,1,0,2.51,Low
Windows,40.8,0,1,134.6,1,0,1,4.25,Medium
Windows,136.9,0,0,74.1,1,1,4,10.0,High
Windows,311.8,1,1,102.8,1,0,4,6.09,Medium
macOS,310.7,0,1,220.3,1,1,6,8.31,High
macOS,147.7,0,1,56.0,1,0,2,6.48,Medium
macOS,90.8,1,0,24.6,0,1,3,7.79,High
Windows,97.9,1,1,39.8,1,1,0,2.66,Low
macOS,39.0,0,1,68.6,1,0,1,3.73,Low
Windows,57.4,1,1,26.5,0,0,0,3.14,Low
macOS,146.1,0,1,24.9,1,0,0,4.28,Medium
Windows,170.1,1,0,132.8,0,1,3,8.94,High
macOS,81.9,1,1,19.4,1,0,0,1.6,Low
Linux,77.8,1,0,36.5,1,0,1,2.89,Low
Windows,69.2,1,1,49.3,0,0,3,3.92,Low
macOS,55.9,1,1,41.5,1,1,1,1.81,Low
Windows,181.5,1,1,94.0,1,0,2,4.71,Medium
macOS,143.1,1,0,180.8,1,0,3,7.0,High
Windows,61.3,1,1,24.4,1,1,3,2.19,Low
Linux,87.8,1,1,42.0,0,0,0,3.75,Low
Windows,96.9,1,1,20.4,1,0,1,2.29,Low
Linux,103.2,1,1,35.6,1,1,2,3.35,Low
macOS,94.6,0,1,36.4,1,0,0,4.44,Medium
macOS,216.5,1,1,60.2,0,1,5,9.0,High
macOS,55.8,1,1,62.2,0,1,0,4.77,Medium
macOS,78.0,1,0,31.7,1,1,1,4.01,Medium
Linux,214.7,0,0,33.4,1,0,1,9.09,High
Windows,67.8,1,1,80.9,1,0,4,3.42,Low
macOS,43.1,1,1,18.7,0,0,1,2.35,Low
Windows,166.6,0,0,95.4,1,1,2,9.33,High
macOS,30.8,1,1,60.1,0,0,2,3.18,Low
Windows,101.8,0,0,80.9,0,1,3,10.0,High
macOS,157.2,1,1,16.9,1,0,3,4.12,Medium
macOS,203.9,0,1,50.6,1,1,0,7.3,High
Windows,160.5,0,0,32.6,1,1,2,9.28,High
Windows,73.6,1,0,87.9,1,1,1,4.09,Medium
macOS,20.2,1,1,4.6,1,1,2,1.35,Low
macOS,50.2,0,1,117.9,1,1,3,5.22,Medium
Windows,145.4,1,0,172.0,1,1,4,6.32,Medium
macOS,45.1,1,1,73.7,1,0,1,1.74,Low
Linux,229.7,1,1,114.8,1,1,0,3.79,Low
Windows,200.0,0,1,28.6,1,1,2,6.86,Medium
Windows,138.2,0,1,81.0,0,1,2,8.74,High
Windows,38.3,1,1,31.0,1,0,0,1.18,Low
macOS,240.6,1,0,72.9,0,0,3,7.62,High
Windows,69.2,1,1,18.3,0,1,2,4.84,Medium
macOS,82.9,1,1,16.8,1,0,2,2.07,Low
macOS,68.7,1,1,11.5,1,1,2,1.56,Low
Windows,58.2,0,0,109.4,1,1,2,7.35,High
Linux,78.1,1,0,67.2,1,0,1,3.52,Low
macOS,80.4,1,1,89.5,1,1,1,3.39,Low
Windows,91.5,1,1,40.9,1,1,2,2.78,Low
Windows,346.8,0,1,79.5,1,1,0,6.4,Medium
Windows,114.5,1,1,51.7,1,0,1,3.45,Low
Windows,128.5,0,1,25.7,0,1,1,8.23,High
Windows,96.4,1,1,10.6,1,0,0,1.48,Low
Linux,84.4,1,1,17.0,1,1,2,2.32,Low
Windows,189.4,1,1,25.0,0,0,2,5.39,Medium
Windows,49.4,0,1,24.3,1,1,1,4.68,Medium
macOS,176.4,0,0,75.8,0,1,1,10.0,High
macOS,31.3,0,1,9.7,1,0,0,2.5,Low
Linux,41.0,0,1,182.1,0,1,1,6.26,Medium
macOS,187.1,0,1,98.7,0,0,4,9.47,High
Windows,145.1,1,1,31.5,1,1,0,3.22,Low
Windows,96.1,0,1,136.3,0,1,1,7.56,High
Linux,295.0,1,1,39.9,0,0,0,5.76,Medium
macOS,292.1,0,0,125.0,0,1,3,10.0,High
Linux,172.2,1,1,50.2,1,0,2,3.92,Low
Windows,217.7,1,1,67.5,1,1,1,5.66,Medium
Linux,117.4,1,1,100.5,1,0,2,3.06,Low
macOS,51.4,0,1,32.3,1,0,1,3.99,Low
Windows,23.7,1,1,15.0,1,1,1,1.91,Low
macOS,43.2,0,1,70.8,0,0,1,5.62,Medium
macOS,166.2,1,1,26.9,1,1,1,4.21,Medium
Windows,136.6,1,0,78.2,1,1,2,4.66,Medium
Windows,44.7,1,0,28.5,0,0,2,3.85,Low
macOS,197.9,1,0,76.5,1,1,2,5.06,Medium
Windows,232.2,1,0,130.4,0,1,2,7.91,High
Windows,181.9,1,0,76.8,1,1,2,5.85,Medium
Windows,63.7,1,1,43.8,0,0,2,4.36,Medium
Windows,125.6,0,0,43.3,1,1,4,9.82,High
Linux,32.8,1,1,50.4,1,1,0,2.32,Low
macOS,23.6,0,1,41.9,1,0,0,3.82,Low
Windows,160.3,0,1,11.8,0,0,1,6.73,Medium
Linux,139.8,1,0,11.2,0,0,1,5.7,Medium
Linux,44.5,0,1,46.2,0,1,2,7.1,High
Windows,100.5,1,1,9.2,0,0,0,2.77,Low
macOS,373.8,0,0,49.3,0,1,2,10.0,High
Windows,93.5,1,1,29.0,1,1,0,2.26,Low
Linux,62.5,0,1,69.5,0,1,2,7.52,High
macOS,180.2,1,0,36.2,0,0,2,6.53,Medium
macOS,301.6,0,0,76.7,0,1,1,10.0,High
Windows,253.8,0,1,83.6,0,1,3,10.0,High
Linux,54.8,1,0,16.5,1,0,3,2.75,Low
Windows,22.4,1,1,33.9,1,1,1,0.9,Low
Windows,87.0,1,0,68.2,1,0,1,3.72,Low
Windows,244.1,1,0,47.9,0,1,3,9.31,High
macOS,34.8,1,1,10.1,1,0,1,1.38,Low
Windows,204.3,1,1,23.3,1,1,2,4.39,Medium
Linux,132.6,0,1,38.1,0,1,0,8.12,High
macOS,167.7,0,1,74.6,0,0,3,9.27,High
Windows,115.8,1,1,37.3,0,1,0,5.27,Medium
Windows,70.9,0,1,17.9,1,1,2,4.92,Medium
Windows,88.4,1,1,64.0,1,0,1,2.55,Low
macOS,196.4,0,0,53.6,1,1,1,9.68,High
macOS,23.4,0,0,243.4,0,1,5,10.0,High
Windows,97.5,1,0,41.7,0,1,1,6.85,Medium
macOS,84.3,0,1,24.3,1,0,0,4.88,Medium
Windows,35.2,0,1,59.3,1,1,1,4.16,Medium
macOS,93.6,0,0,44.8,1,0,1,7.74,High
Linux,209.5,1,1,50.1,0,0,1,5.59,Medium
macOS,7.9,1,0,5.5,1,0,0,1.78,Low
macOS,41.6,0,0,72.0,1,1,0,6.35,Medium
macOS,39.7,1,1,17.1,1,0,0,0.81,Low
Windows,61.8,1,1,11.4,1,0,1,0.59,Low
Windows,62.4,1,1,60.3,1,0,2,2.63,Low
Windows,94.0,1,1,20.8,1,1,1,2.6,Low
Windows,14.0,1,0,15.4,1,0,0,1.64,Low
macOS,165.6,1,0,30.7,1,1,4,7.48,High
macOS,256.3,1,0,35.1,1,0,2,5.2,Medium
Linux,57.7,1,1,12.4,1,0,1,1.04,Low
Windows,54.6,0,1,47.2,0,1,3,7.47,High
macOS,62.3,0,1,16.3,1,1,3,5.54,Medium
Windows,228.5,1,0,102.7,0,1,2,7.95,High
Windows,132.6,0,0,24.9,1,1,2,8.98,High
macOS,126.9,0,1,69.2,1,0,0,5.27,Medium
Linux,53.9,1,1,34.3,1,0,0,1.67,Low
macOS,165.3,0,0,36.9,0,0,2,10.0,High
Windows,276.4,0,1,90.7,0,1,7,10.0,High
macOS,9.6,1,1,35.3,1,0,1,0.7,Low
Windows,141.4,0,0,95.2,1,1,1,8.5,High
Linux,25.8,1,0,47.5,1,0,2,1.7,Low
macOS,62.2,0,1,68.6,0,1,1,6.76,Medium
Windows,83.7,0,0,2.5,1,1,1,6.96,Medium
Windows,43.8,1,1,15.3,0,1,0,3.2,Low
Windows,154.4,0,1,7.7,1,1,1,5.85,Medium
Linux,210.9,1,0,86.8,0,0,2,6.4,Medium
Windows,140.5,0,0,35.9,0,1,5,10.0,High
macOS,251.9,1,0,119.2,1,1,1,5.98,Medium
macOS,116.1,1,1,46.2,1,0,0,2.65,Low
macOS,152.1,1,1,65.0,1,1,0,4.46,Medium
Windows,69.2,1,1,27.6,1,0,2,1.45,Low
Linux,74.5,1,0,152.8,0,1,2,6.29,Medium
Windows,120.3,1,0,44.1,1,0,1,4.33,Medium
macOS,135.6,1,0,31.3,1,0,4,6.07,Medium
macOS,96.9,1,1,44.0,0,0,1,3.8,Low
macOS,82.7,0,1,34.8,1,0,2,4.68,Medium
Linux,38.5,0,1,53.4,1,1,1,4.72,Medium
Windows,109.3,0,1,151.2,0,1,2,8.46,High
Windows,49.6,0,0,24.7,1,1,0,7.22,High
Windows,228.8,1,0,218.0,1,1,3,6.62,Medium
Windows,146.2,0,0,45.4,0,0,0,9.78,High
Windows,32.0,1,1,16.5,1,1,3,2.03,Low
Windows,239.3,0,0,208.5,0,0,4,10.0,High
Windows,128.2,1,0,45.8,0,1,3,8.3,High
Windows,25.2,1,1,4.5,1,1,0,1.44,Low
Windows,167.5,1,1,30.2,1,1,0,3.57,Low
macOS,220.9,1,0,54.0,0,1,0,7.14,High
macOS,95.1,0,0,6.8,0,0,0,8.5,High
Windows,81.6,1,0,35.3,0,1,1,5.77,Medium
Windows,93.8,0,1,37.7,0,1,0,7.55,High
Windows,40.7,0,0,46.5,1,1,2,7.78,High
macOS,11.0,1,1,2.9,0,1,2,3.47,Low
Windows,43.2,1,1,19.9,0,0,0,2.54,Low
Windows,175.7,0,0,316.9,1,0,4,10.0,High
Windows,207.0,0,1,79.0,0,1,2,9.85,High
Windows,74.1,1,1,21.2,1,0,3,2.66,Low
Windows,160.6,0,1,20.1,0,1,1,8.45,High
macOS,108.1,1,0,51.0,1,0,4,5.4,Medium
macOS,106.7,1,1,105.2,1,0,0,2.53,Low
macOS,196.7,1,0,66.8,0,1,5,9.88,High
macOS,151.4,1,1,40.1,1,0,2,3.88,Low
macOS,27.4,0,1,5.4,0,0,0,4.65,Medium
Windows,55.8,1,0,20.9,1,0,1,2.96,Low
macOS,112.8,1,1,41.1,0,1,3,7.06,High
Windows,63.7,0,1,48.6,1,0,2,4.88,Medium
Windows,271.3,0,1,42.6,0,1,1,9.83,High
macOS,434.4,1,1,31.8,0,1,5,8.63,High
Windows,137.3,1,1,21.0,0,0,2,4.02,Medium
Windows,99.5,1,1,71.7,1,1,1,2.97,Low
macOS,101.3,1,1,50.4,1,0,0,2.65,Low
Linux,110.4,1,1,59.2,1,0,2,2.9,Low
Linux,78.9,1,1,25.5,1,1,2,2.48,Low
Windows,225.2,1,1,77.9,1,0,0,3.89,Low
Windows,68.2,0,1,75.5,0,0,1,6.27,Medium
macOS,99.3,1,1,37.8,0,1,1,5.97,Medium
Windows,88.2,1,1,38.2,1,1,4,2.84,Low
macOS,69.4,1,1,30.3,1,0,0,2.1,Low
Windows,47.4,1,0,7.8,0,1,0,5.63,Medium
Windows,226.2,1,0,75.1,1,0,2,5.31,Medium
Windows,132.7,1,1,3.4,1,0,1,2.53,Low
macOS,68.7,0,1,17.0,1,0,0,4.18,Medium
Windows,284.4,1,0,85.3,0,1,4,9.52,High
Windows,74.4,0,0,45.4,1,0,2,7.06,High
Windows,26.9,1,1,61.8,1,0,1,0.85,Low
Windows,90.3,1,1,23.3,1,0,0,2.14,Low
Windows,298.5,1,0,32.1,1,0,3,7.06,High
macOS,82.4,1,1,51.1,1,0,3,2.27,Low
Windows,286.4,1,0,30.5,1,1,2,5.35,Medium
macOS,55.6,1,1,19.1,1,0,1,1.29,Low
Linux,82.1,1,1,102.7,1,1,1,2.95,Low
Windows,131.9,1,0,126.7,0,1,4,8.36,High
Windows,55.8,0,0,96.8,1,1,2,7.8,High
macOS,274.7,0,0,89.0,0,0,1,10.0,High
Windows,69.5,0,0,75.2,1,0,3,7.32,High
Windows,68.1,1,1,77.9,0,0,0,3.24,Low
Linux,75.0,1,0,8.1,1,0,2,3.4,Low
Linux,73.3,0,1,23.9,1,1,0,4.11,Medium
macOS,36.6,1,1,20.4,1,0,2,1.27,Low
Windows,192.4,0,0,218.1,1,0,0,8.82,High
macOS,168.9,1,1,141.2,0,0,1,5.76,Medium
macOS,59.7,0,1,14.6,0,1,1,6.9,Medium
Windows,129.1,0,1,222.9,0,1,0,8.21,High
macOS,226.6,1,1,44.4,1,0,4,5.82,Medium
Windows,15.8,1,1,27.1,1,1,0,1.05,Low
Windows,15.9,0,0,34.2,1,1,1,6.73,Medium
Windows,244.2,0,1,19.8,1,0,4,7.96,High
Windows,17.6,1,1,94.9,1,0,3,2.47,Low
Windows,50.5,0,1,41.3,1,0,0,4.05,Medium
macOS,187.6,0,1,74.2,1,1,0,6.66,Medium
Linux,40.3,1,1,60.4,1,0,1,1.33,Low
macOS,47.0,0,1,31.3,1,0,1,3.97,Low
macOS,58.2,1,1,10.8,0,0,1,1.86,Low
Linux,57.6,1,1,113.0,0,1,2,4.96,Medium
Windows,167.3,1,1,64.6,1,1,0,4.14,Medium
Windows,66.6,1,0,133.3,1,1,2,3.36,Low
Windows,425.1,0,1,175.4,0,1,2,9.75,High
Windows,160.8,0,0,46.8,1,1,0,8.34,High
macOS,107.2,1,0,95.0,0,0,1,4.47,Medium
Windows,136.3,1,1,78.9,0,0,6,7.02,High
Windows,290.6,1,1,123.0,1,1,4,6.35,Medium
Windows,27.2,0,1,45.2,1,0,0,3.69,Low
Windows,69.5,1,1,77.8,1,1,2,3.1,Low
Linux,116.5,0,1,18.2,1,1,1,5.65,Medium
Windows,143.5,1,0,4.6,1,1,3,6.43,Medium
Windows,82.0,1,1,42.8,1,1,1,3.03,Low
Windows,128.2,0,1,25.7,1,0,4,7.64,High
Windows,66.6,1,1,101.4,0,1,1,5.21,Medium
macOS,80.6,1,0,113.4,1,0,3,3.85,Low
Windows,208.2,1,0,41.4,0,0,4,8.14,High
Windows,63.3,1,1,26.7,0,0,4,2.97,Low
Windows,79.9,1,0,19.0,1,0,1,3.16,Low
macOS,27.3,1,0,15.8,1,0,0,2.62,Low
macOS,143.0,1,1,68.4,1,0,1,3.83,Low
macOS,37.3,1,0,10.4,0,0,2,3.87,Low
macOS,92.4,1,0,55.9,1,1,2,4.29,Medium
macOS,52.6,1,1,66.7,1,1,0,1.89,Low
Windows,220.3,0,1,117.7,1,1,0,7.28,High
Windows,44.9,0,1,66.1,1,0,3,4.5,Medium
Windows,186.5,0,0,36.6,1,1,2,9.57,High
Windows,176.2,1,0,189.2,0,1,3,8.82,High
macOS,50.7,1,1,56.6,0,0,0,3.24,Low
Windows,65.9,1,0,33.5,0,0,2,3.61,Low
macOS,83.7,0,1,80.0,1,0,0,4.61,Medium
Linux,197.4,1,0,32.7,1,0,1,4.69,Medium
Windows,81.1,1,1,87.9,1,0,1,2.25,Low
Linux,108.9,0,1,6.5,1,0,0,3.06,Low
macOS,177.8,1,0,67.9,1,0,0,4.48,Medium
Linux,113.2,1,0,44.7,0,1,3,8.22,High
Windows,19.0,1,1,11.2,0,0,1,1.75,Low
Windows,241.7,1,1,34.7,0,1,2,7.1,High
Windows,233.1,0,1,86.2,1,0,1,7.06,High
Windows,167.1,1,1,7.2,1,0,1,3.39,Low
Windows,101.2,0,0,73.5,1,1,1,8.05,High
Linux,109.0,1,0,36.6,0,1,0,6.44,Medium
macOS,80.8,1,1,83.4,1,1,2,3.45,Low
Windows,41.2,1,1,2.9,1,0,0,0.5,Low
Windows,131.7,0,0,57.8,1,1,0,7.89,High
Windows,280.8,1,0,73.9,0,0,4,7.76,High
Windows,163.5,1,0,27.0,1,1,2,5.67,Medium
Linux,98.8,1,1,20.3,0,0,5,5.22,Medium
Windows,195.5,0,1,79.0,0,1,1,9.38,High
Windows,49.6,0,1,19.5,1,0,1,3.6,Low
macOS,489.1,1,1,84.3,1,1,2,5.07,Medium
Windows,48.4,0,0,13.5,1,1,1,7.21,High
Windows,97.7,1,1,10.9,1,0,3,3.84,Low
macOS,165.4,1,0,68.8,1,0,2,4.22,Medium
macOS,80.5,0,1,35.7,1,1,0,5.0,Medium
Linux,147.2,1,1,19.8,0,0,0,4.29,Medium
macOS,47.7,1,0,53.5,1,1,0,3.01,Low
Windows,217.1,0,0,168.2,1,1,2,9.36,High
macOS,158.9,1,1,81.3,0,1,2,6.6,Medium
Linux,170.4,0,0,40.6,1,0,2,9.21,High
macOS,69.7,1,1,74.7,1,0,0,2.05,Low
Linux,88.9,0,0,40.9,0,0,3,9.46,High
macOS,61.1,1,1,11.3,1,1,2,2.14,Low
Linux,156.1,1,1,77.0,1,1,2,4.57,Medium
Windows,149.2,1,1,88.0,1,1,1,3.97,Low
macOS,42.1,1,1,5.4,1,1,0,1.32,Low
Windows,177.1,1,1,72.8,1,1,1,5.11,Medium
macOS,84.2,1,1,16.9,1,0,1,1.89,Low
macOS,74.3,0,0,70.8,1,0,2,7.2,High
Linux,115.7,0,1,37.1,1,1,2,6.56,Medium
Linux,155.4,1,1,29.8,1,0,2,3.13,Low
Windows,22.9,1,1,19.8,0,0,0,1.73,Low
macOS,169.3,0,1,75.7,0,1,1,9.43,High
macOS,473.7,0,0,99.7,0,1,1,10.0,High
Windows,44.6,1,1,98.3,1,0,0,1.9,Low
Windows,31.0,0,1,22.7,0,1,1,5.97,Medium
Windows,134.7,1,1,44.2,0,0,1,4.48,Medium
macOS,90.6,1,0,51.6,0,1,2,6.75,Medium
Windows,154.6,1,1,150.3,0,0,3,6.25,Medium
Linux,45.6,1,1,12.9,1,0,0,0.21,Low
Windows,58.4,1,1,32.8,1,0,1,0.88,Low
Linux,86.1,1,0,38.0,1,0,2,3.64,Low
Windows,146.0,1,1,17.8,1,1,1,3.9,Low
macOS,163.4,1,1,76.0,0,1,0,6.17,Medium
Windows,63.3,1,1,76.1,1,1,1,3.15,Low
macOS,275.6,1,1,72.6,1,1,2,4.97,Medium
macOS,117.0,0,1,74.0,1,0,1,5.59,Medium
Linux,165.1,1,1,91.8,0,1,0,7.0,High
macOS,89.9,1,1,13.1,1,0,2,1.48,Low
Windows,29.3,1,0,38.1,0,1,0,5.18,Medium
Windows,83.0,0,1,24.0,0,1,2,6.69,Medium
Windows,26.2,1,0,31.4,0,1,0,4.21,Medium
Windows,210.1,1,0,34.8,1,1,2,5.11,Medium
macOS,75.4,1,1,48.2,1,1,0,2.79,Low
macOS,43.2,0,1,149.8,1,1,3,5.42,Medium
macOS,49.8,1,1,59.8,0,0,2,3.92,Low
Linux,119.0,1,1,46.1,0,1,3,7.27,High
macOS,63.6,1,1,24.6,0,0,3,3.33,Low
macOS,246.9,0,0,63.7,1,0,3,10.0,High
Windows,213.8,0,1,31.4,1,0,3,7.69,High
Windows,147.1,0,0,35.1,1,0,3,9.77,High
macOS,59.2,0,1,79.4,0,0,0,5.7,Medium
Linux,111.0,0,1,126.4,0,0,4,8.52,High
Windows,113.6,0,0,152.7,1,0,2,8.61,High
Windows,111.8,0,0,17.5,1,0,2,8.12,High
macOS,45.3,1,1,44.9,1,0,0,1.64,Low
Windows,279.6,1,1,61.1,1,0,1,4.12,Medium
Windows,18.8,1,0,49.7,1,0,2,2.33,Low
Linux,105.4,1,0,45.2,0,1,1,6.84,Medium
macOS,58.7,0,0,54.9,1,0,0,6.49,Medium
Windows,139.5,0,1,94.0,0,1,3,10.0,High
Linux,105.5,1,0,61.7,1,1,2,3.68,Low
Windows,177.0,0,1,11.2,1,1,1,6.24,Medium
Linux,79.5,1,0,63.4,0,1,3,6.66,Medium
Windows,72.7,0,1,28.3,1,1,2,4.49,Medium
macOS,124.3,1,1,35.4,0,1,1,6.3,Medium
Windows,205.9,0,0,54.2,1,1,2,9.57,High
Windows,152.7,1,1,52.2,0,1,1,7.03,High
Linux,65.3,1,0,37.9,1,0,2,3.1,Low
Windows,45.3,1,1,66.5,1,0,1,1.0,Low
Windows,154.9,0,1,52.6,0,1,1,8.76,High
Windows,97.0,1,0,64.8,0,0,2,4.83,Medium
macOS,105.0,0,0,102.3,1,1,2,7.79,High
macOS,53.4,1,1,96.5,0,1,2,5.21,Medium
Linux,87.9,1,0,43.3,1,0,3,3.37,Low
Windows,68.6,1,1,33.7,1,1,1,1.82,Low
Windows,117.7,0,1,23.3,0,1,0,7.35,High
Windows,118.4,1,1,15.4,1,1,1,3.33,Low
macOS,110.3,1,1,71.9,1,0,2,3.12,Low
Linux,154.4,0,0,126.5,0,1,5,10.0,High
macOS,214.0,0,1,139.9,1,0,3,8.0,High
macOS,105.6,1,0,114.9,1,1,1,4.57,Medium
Windows,176.2,1,1,52.5,0,1,1,7.07,High
Linux,126.8,1,0,18.4,1,0,0,4.03,Medium
Windows,46.7,1,1,25.2,1,0,1,1.56,Low
Windows,283.0,0,1,83.2,0,0,2,7.6,High
Windows,86.4,1,1,59.0,1,1,2,3.23,Low
Windows,166.6,1,0,31.6,0,1,0,7.72,High
Windows,188.1,1,1,71.3,1,0,3,4.88,Medium
Windows,48.8,0,1,50.6,1,1,5,4.71,Medium
Windows,263.6,0,1,84.7,1,1,2,6.93,Medium
macOS,355.2,0,0,41.3,0,1,1,10.0,High
Windows,100.6,1,0,35.6,1,0,0,3.36,Low
Windows,210.7,1,1,69.0,1,0,0,3.54,Low
Linux,322.1,1,0,77.2,0,0,2,6.76,Medium
macOS,175.1,1,1,38.0,0,0,5,8.03,High
Windows,40.6,0,1,3.6,1,1,0,3.4,Low
Windows,150.6,0,0,199.6,1,0,2,7.87,High
Linux,110.7,1,1,18.5,1,0,0,2.03,Low
Windows,62.3,1,0,106.8,1,0,2,3.28,Low
Windows,167.2,0,0,45.0,0,1,5,10.0,High
Linux,152.0,1,1,79.4,0,0,3,6.95,Medium
Windows,161.2,1,1,74.4,1,1,1,4.31,Medium
macOS,54.8,1,1,37.7,1,0,3,2.23,Low
macOS,195.4,1,0,96.6,1,1,0,6.28,Medium
macOS,55.4,1,1,11.2,1,0,0,0.95,Low
Windows,65.9,0,1,147.6,1,1,0,4.92,Medium
Windows,29.1,0,1,80.5,1,1,0,4.45,Medium
Windows,232.4,1,0,64.6,1,0,0,5.76,Medium
Windows,270.1,0,0,32.2,0,1,0,10.0,High
Linux,156.5,1,0,96.3,0,0,0,5.78,Medium
Windows,69.1,0,0,39.8,1,0,0,6.4,Medium
macOS,111.4,1,1,26.0,0,0,1,4.47,Medium
macOS,65.6,1,0,22.0,1,0,2,3.09,Low
macOS,41.6,1,1,37.0,1,0,2,2.26,Low
Windows,6.3,1,1,17.6,1,0,1,0.43,Low
Windows,169.6,0,0,12.9,0,0,0,9.53,High
Linux,191.7,1,0,16.1,1,0,3,5.87,Medium
macOS,141.2,1,1,22.8,0,1,1,6.01,Medium
macOS,60.1,0,0,76.0,0,1,0,8.5,High
Linux,51.3,1,1,31.3,1,1,0,2.34,Low
macOS,153.4,0,1,68.6,0,0,2,7.21,High
Windows,334.5,1,1,157.6,0,0,1,4.93,Medium
macOS,58.9,1,1,10.5,0,1,0,3.94,Low
Windows,139.7,0,1,104.3,0,1,2,9.32,High
macOS,66.2,1,0,42.8,1,1,3,3.79,Low
Linux,150.6,0,0,182.6,1,1,0,8.84,High
Windows,81.3,1,0,51.7,1,0,0,3.13,Low
Windows,119.8,1,1,111.2,0,1,2,6.46,Medium
Windows,180.0,0,1,42.9,0,1,2,10.0,High
Linux,90.9,1,1,68.0,1,1,0,2.69,Low
Windows,115.8,0,0,41.2,0,1,0,10.0,High
Windows,143.1,1,0,24.8,1,0,2,3.72,Low
Windows,390.6,0,0,71.7,1,1,2,10.0,High
Windows,181.8,1,1,87.4,1,0,1,4.12,Medium
Windows,264.2,1,1,49.7,1,1,1,4.62,Medium
Windows,62.7,0,1,50.7,1,0,6,5.1,Medium
Windows,230.7,0,1,36.0,0,1,4,10.0,High
Windows,206.4,0,0,31.3,1,1,1,9.56,High
Windows,122.5,0,1,31.9,0,1,1,8.24,High
Windows,190.9,0,1,144.6,1,0,5,8.34,High
Windows,129.2,1,1,74.5,1,1,0,4.35,Medium
macOS,172.0,0,1,84.7,1,1,1,7.36,High
Windows,70.6,1,1,54.6,0,0,1,4.28,Medium
Windows,92.8,1,0,121.4,1,1,1,3.16,Low
Windows,145.3,1,1,192.7,0,1,7,8.09,High
Windows,25.5,1,1,6.0,0,1,1,3.89,Low
Windows,118.2,1,0,73.7,1,1,2,4.07,Medium
Windows,58.0,0,0,94.7,1,0,0,6.22,Medium
Linux,70.3,1,0,53.4,1,0,0,2.4,Low
Windows,197.6,1,1,94.2,1,0,0,4.22,Medium
Windows,65.5,1,0,53.5,1,1,0,3.09,Low
Windows,68.8,1,0,60.4,1,1,0,2.88,Low
Windows,196.2,1,1,29.8,1,0,1,4.5,Medium
Windows,118.4,0,0,134.7,1,1,0,8.23,High
macOS,71.1,1,0,38.9,0,1,0,5.88,Medium
macOS,56.1,1,1,40.3,1,1,0,2.14,Low
Windows,170.2,1,1,53.7,1,0,0,4.14,Medium
Windows,192.0,0,0,58.3,0,1,1,10.0,High
Windows,118.3,0,0,159.3,1,1,1,7.44,High
Windows,64.4,1,1,73.9,0,0,0,4.19,Medium
macOS,224.8,1,1,45.5,1,1,2,5.46,Medium
Windows,91.6,0,1,45.1,1,1,0,5.0,Medium
Windows,113.8,1,1,46.4,0,0,1,3.63,Low
Linux,49.4,1,1,101.1,1,0,1,1.52,Low
Windows,110.4,1,1,40.6,1,0,2,2.53,Low
Windows,181.5,1,0,101.3,0,1,1,7.9,High
macOS,121.4,0,0,151.8,0,1,2,10.0,High
Windows,92.4,0,1,58.5,1,1,1,5.36,Medium
Windows,160.3,0,0,22.8,0,0,3,10.0,High
Windows,10.2,1,1,24.5,0,0,0,1.89,Low
Linux,71.7,0,0,67.3,0,1,1,10.0,High
Windows,93.7,0,1,19.5,0,1,0,7.12,High
Windows,25.0,0,0,17.1,1,0,2,6.91,Medium
Windows,27.0,1,1,30.8,1,1,0,2.33,Low
Windows,121.1,0,1,122.4,1,0,3,7.24,High
macOS,23.2,0,1,25.4,0,0,2,4.86,Medium
Windows,32.0,0,0,54.3,1,0,0,5.93,Medium
macOS,113.9,1,1,131.6,0,0,0,4.74,Medium
macOS,64.6,1,0,20.0,1,1,1,3.79,Low
macOS,46.6,1,0,60.0,0,0,1,3.26,Low
Windows,148.1,0,1,100.9,1,0,2,6.55,Medium
Linux,180.9,1,1,41.2,1,1,1,4.35,Medium
macOS,103.7,1,1,26.3,1,0,2,2.74,Low
Windows,206.5,0,0,20.8,1,1,1,9.29,High
macOS,6.4,0,1,19.1,0,0,0,4.03,Medium
Linux,121.3,0,1,351.1,0,1,2,7.98,High
Windows,26.4,1,1,28.9,0,1,0,3.06,Low
Linux,244.4,1,1,32.4,1,0,0,3.57,Low
Windows,100.9,1,0,11.8,0,1,1,6.33,Medium
macOS,178.8,0,0,118.0,0,0,4,10.0,High
Linux,30.7,1,0,7.6,0,0,0,3.64,Low
Windows,161.7,0,0,48.4,1,1,1,8.64,High
macOS,120.7,1,0,98.9,1,1,5,5.78,Medium
Windows,87.3,1,0,30.7,1,0,1,3.74,Low
macOS,88.7,1,1,99.4,1,1,1,3.39,Low
macOS,229.9,1,1,12.4,0,1,2,6.3,Medium
Windows,194.5,0,1,40.0,1,1,0,7.04,High
Windows,314.7,1,0,147.6,1,1,0,4.89,Medium
Windows,42.4,1,1,86.1,1,1,3,2.84,Low
Windows,101.2,1,0,124.1,1,0,1,3.69,Low
Windows,49.9,0,1,67.7,0,0,2,5.73,Medium
Windows,11.7,1,1,53.9,1,1,0,1.71,Low
Windows,386.2,0,0,93.5,1,1,2,8.97,High
Windows,158.1,1,1,72.2,1,0,4,5.59,Medium
macOS,89.4,1,1,58.3,1,0,0,2.45,Low
macOS,59.9,1,1,48.3,1,1,0,1.84,Low
macOS,39.4,1,1,7.8,1,0,2,1.47,Low
Windows,121.6,0,0,20.0,1,1,0,8.51,High
Linux,84.2,1,0,100.3,0,1,2,6.27,Medium
macOS,56.0,1,1,9.6,1,1,0,1.67,Low
Windows,246.2,0,0,46.5,1,0,1,8.68,High
Windows,63.3,1,1,34.8,1,0,1,1.8,Low
macOS,81.2,1,1,28.2,0,1,2,4.86,Medium
Windows,40.8,0,0,79.8,1,1,3,7.22,High
Windows,60.6,1,1,63.8,0,1,2,5.07,Medium
Linux,199.3,1,0,43.9,1,1,2,6.35,Medium
Windows,111.6,1,1,67.8,0,1,4,7.49,High
Windows,85.8,0,0,42.3,1,0,3,7.13,High
Linux,295.5,0,1,259.7,0,1,1,8.8,High
macOS,43.9,1,1,22.6,0,1,0,4.31,Medium
Windows,36.6,1,0,50.9,1,0,0,2.82,Low
Linux,126.9,1,1,68.7,1,1,6,5.28,Medium
Linux,66.7,1,1,14.4,1,0,1,1.83,Low
Windows,23.5,0,1,19.4,1,0,1,3.51,Low
macOS,96.7,1,1,23.7,1,0,2,2.47,Low
Windows,128.8,1,0,14.9,0,1,5,8.33,High
Windows,114.2,1,0,22.0,1,0,1,4.02,Medium
macOS,121.7,1,1,48.1,0,0,0,4.8,Medium
Windows,59.6,0,0,59.7,1,1,3,8.11,High
macOS,51.5,1,1,46.9,1,0,4,2.61,Low
macOS,28.6,1,0,26.6,1,0,3,3.04,Low
Windows,184.6,0,0,101.5,0,1,2,10.0,High
macOS,60.0,1,0,26.6,1,1,0,3.4,Low
Windows,72.3,1,1,117.3,1,1,1,3.12,Low
Linux,63.0,1,1,4.1,0,1,2,4.24,Medium
Windows,56.6,0,1,49.0,1,1,5,5.67,Medium
macOS,63.7,0,1,56.0,1,1,2,5.05,Medium
macOS,26.2,1,1,3.5,1,1,0,0.39,Low
Windows,250.1,0,0,47.4,0,0,3,10.0,High
macOS,17.3,1,0,59.7,1,1,0,3.16,Low
macOS,155.9,1,0,25.9,0,0,0,5.41,Medium
macOS,54.8,1,1,42.6,1,1,2,2.54,Low
macOS,155.4,1,0,12.2,1,0,0,3.82,Low
Linux,26.5,1,0,9.9,0,0,0,3.56,Low
Windows,99.0,1,1,37.3,1,1,2,2.96,Low
Windows,326.8,0,0,162.5,1,1,1,9.24,High
Windows,195.1,0,0,119.2,1,1,2,9.89,High
macOS,205.1,0,1,43.8,0,1,1,9.37,High
Windows,72.3,1,1,30.9,0,0,1,3.3,Low
Windows,82.1,1,1,107.1,0,1,1,4.98,Medium
Windows,189.9,1,1,42.1,1,1,2,5.0,Medium
Linux,136.9,1,1,66.3,0,0,2,4.68,Medium
Windows,80.7,1,0,43.2,0,1,3,6.96,Medium
macOS,119.5,1,1,19.2,0,1,1,5.45,Medium
Windows,454.4,1,1,57.4,0,1,2,6.85,Medium
Linux,20.6,1,1,50.8,1,1,1,1.22,Low
Windows,230.9,1,1,44.5,1,1,5,6.33,Medium
Windows,106.3,0,1,26.9,1,1,1,5.25,Medium
Linux,9.7,1,1,21.4,1,0,0,0.68,Low
Linux,17.7,0,1,36.6,1,0,0,2.85,Low
Windows,146.1,0,1,163.0,0,1,3,10.0,High
Windows,54.5,1,0,26.2,1,0,1,1.76,Low
macOS,49.5,1,1,117.8,0,1,1,4.81,Medium
Linux,89.2,1,1,79.7,0,1,3,5.6,Medium
Windows,68.2,1,1,161.9,1,1,4,3.45,Low
Windows,163.9,0,0,62.7,0,1,3,10.0,High
macOS,30.3,1,1,41.2,1,0,0,1.52,Low
macOS,152.7,0,1,8.4,1,0,1,5.57,Medium
macOS,135.3,1,0,189.0,0,1,5,9.44,High
macOS,25.2,1,1,20.3,1,1,0,1.8,Low
Windows,144.5,1,0,42.1,1,1,3,6.98,Medium
Linux,178.7,1,1,10.7,0,0,1,4.69,Medium
Linux,44.6,1,0,72.1,1,1,1,3.39,Low
macOS,26.8,1,0,16.9,0,0,3,4.38,Medium
Windows,230.9,0,0,140.6,0,0,1,10.0,High
Windows,205.8,0,1,222.5,1,1,4,9.31,High
macOS,108.8,1,1,35.6,1,0,1,2.68,Low
Windows,169.6,0,0,96.4,1,1,1,8.52,High
Linux,73.7,1,1,44.6,0,1,2,5.69,Medium
Windows,173.2,1,1,3.4,1,0,3,4.59,Medium
macOS,217.6,1,1,63.7,1,0,1,3.6,Low
Linux,52.7,0,1,78.6,0,0,3,7.51,High
Windows,167.8,0,1,30.8,1,1,0,5.91,Medium
Windows,333.9,0,1,27.1,0,1,2,9.46,High
macOS,257.3,0,1,31.7,0,0,1,7.25,High
macOS,190.5,1,1,85.1,1,1,0,4.43,Medium
Windows,91.2,0,1,44.9,1,0,2,4.82,Medium
macOS,39.4,1,1,26.7,1,0,1,0.9,Low
Linux,107.6,1,1,154.0,1,0,1,3.36,Low
Windows,37.4,1,1,56.1,1,1,0,2.91,Low
Windows,228.4,0,0,263.3,1,1,0,9.1,High
Windows,120.5,0,0,24.5,0,1,1,9.83,High
Windows,95.2,0,0,39.4,0,1,2,9.87,High
Windows,130.5,0,0,139.8,0,0,1,8.99,High
Windows,148.9,1,0,71.7,0,1,2,7.49,High
macOS,94.7,0,1,51.1,0,0,0,6.08,Medium
Windows,25.8,0,0,94.7,1,0,0,6.7,Medium
Linux,196.3,1,1,90.2,1,0,3,5.76,Medium
Windows,127.8,1,1,110.4,0,1,0,6.29,Medium
Windows,46.6,1,0,29.4,0,0,2,4.16,Medium
macOS,47.3,1,1,13.6,1,1,0,1.53,Low
Linux,37.5,0,0,111.8,1,1,3,7.02,High
Windows,258.7,0,1,53.0,0,0,1,7.99,High
Windows,158.6,0,1,86.1,0,0,0,7.32,High
Windows,37.6,1,1,26.2,0,0,0,2.48,Low
Windows,45.5,1,0,22.5,0,1,0,4.99,Medium
Windows,172.1,0,0,119.8,1,1,3,10.0,High
Windows,106.2,0,1,68.4,0,1,3,9.85,High
Windows,141.5,1,1,19.6,0,0,0,4.44,Medium
Windows,60.1,0,0,26.6,1,1,5,7.9,High
Linux,185.5,0,1,182.9,1,0,0,5.91,Medium
macOS,63.6,1,1,58.6,0,0,0,2.87,Low
Windows,331.5,1,1,82.9,1,1,4,6.43,Medium
Windows,51.9,1,1,105.6,0,0,4,3.94,Low
Windows,162.9,1,0,17.3,0,0,2,6.45,Medium
Windows,180.6,0,0,145.4,1,1,2,9.57,High
macOS,19.2,0,1,14.9,1,1,2,3.68,Low
Linux,65.6,0,1,23.9,1,0,2,5.38,Medium
Linux,168.1,0,1,38.3,1,0,2,6.5,Medium
Linux,111.5,1,1,83.4,0,1,2,5.91,Medium
Linux,43.3,1,1,60.5,0,0,2,3.32,Low
Linux,226.7,1,1,26.0,1,1,2,4.78,Medium
Windows,375.8,0,0,23.9,0,1,1,10.0,High
Windows,224.9,0,1,126.3,1,1,3,9.08,High
Windows,26.3,0,1,27.1,1,1,2,4.14,Medium
macOS,42.0,1,1,83.2,1,1,3,2.59,Low
Windows,29.0,0,0,93.5,1,0,0,5.34,Medium
macOS,153.8,1,1,90.7,1,0,5,6.15,Medium
macOS,119.0,0,1,17.9,0,1,2,7.55,High
Windows,73.6,1,1,4.8,1,1,1,2.38,Low
Windows,43.6,0,1,54.0,1,0,2,4.15,Medium
Windows,47.8,1,1,14.6,0,0,0,2.81,Low
Windows,11.2,1,0,46.4,1,1,2,3.21,Low
Linux,3.0,1,1,72.6,1,1,2,1.55,Low
macOS,114.6,1,1,42.5,1,0,2,2.74,Low
macOS,169.5,1,0,53.8,1,0,2,5.9,Medium
Windows,30.3,1,0,33.1,0,1,0,5.12,Medium
Windows,156.9,1,1,35.9,1,0,2,4.02,Medium
Windows,93.6,0,0,61.7,1,1,2,7.42,High
macOS,59.0,1,0,49.5,1,1,4,3.54,Low
macOS,197.2,0,0,113.5,1,1,3,10.0,High
Windows,376.8,0,0,56.7,0,1,3,10.0,High
Linux,23.5,1,0,23.0,1,0,1,1.82,Low
Windows,455.1,0,1,87.5,0,1,1,9.61,High
Linux,54.8,1,1,14.3,1,1,0,1.01,Low
Windows,118.4,1,1,94.5,1,1,1,3.83,Low
Windows,188.7,1,1,85.5,0,1,1,6.74,Medium
macOS,73.4,1,1,37.7,1,1,5,3.65,Low
Windows,57.3,0,1,51.3,1,1,0,4.73,Medium
Windows,172.7,1,0,52.5,1,0,1,5.08,Medium
Windows,143.1,0,1,30.5,1,0,1,6.14,Medium
Windows,80.5,1,1,28.6,1,0,0,1.59,Low
macOS,195.7,1,0,55.0,1,0,3,6.11,Medium
Linux,66.5,1,1,62.1,0,1,2,5.76,Medium
Linux,160.7,1,1,25.8,0,1,3,8.42,High
Windows,143.3,1,1,51.8,1,1,3,6.04,Medium
Windows,191.6,1,1,45.6,0,0,2,4.75,Medium
Windows,92.4,0,1,80.0,0,0,2,6.98,Medium
Windows,205.3,1,1,13.2,1,0,1,3.22,Low
Windows,115.1,1,1,60.7,1,0,5,5.4,Medium
Linux,506.1,1,1,189.3,1,1,2,4.9,Medium
Linux,103.0,1,1,13.2,1,0,3,3.59,Low
macOS,146.9,0,1,120.1,0,1,0,8.55,High
Windows,111.5,1,0,44.8,0,0,2,5.14,Medium
Windows,368.2,1,1,196.3,1,1,2,4.49,Medium
Windows,106.9,0,0,64.8,0,0,4,10.0,High
Windows,504.6,0,0,53.4,0,1,2,10.0,High
Windows,81.3,1,1,23.6,0,1,1,5.4,Medium
Windows,147.3,1,0,25.3,0,0,1,6.02,Medium
Windows,39.6,1,0,158.8,1,1,1,2.89,Low
Linux,274.9,0,0,76.8,0,0,3,10.0,High
Windows,272.3,0,0,58.8,1,1,3,9.61,High
Linux,237.6,0,1,37.9,0,1,0,8.81,High
Windows,128.1,1,1,43.2,1,1,1,3.68,Low
macOS,74.8,1,1,40.6,0,1,0,4.49,Medium
Windows,43.7,0,1,24.1,1,1,0,3.83,Low
Windows,196.8,0,0,292.0,1,1,2,8.51,High
Windows,95.2,1,1,24.0,1,0,1,1.7,Low
Windows,68.1,0,1,37.2,1,1,0,4.23,Medium
Linux,64.7,1,1,99.4,1,0,0,1.76,Low
Windows,151.0,1,1,68.9,1,0,3,4.07,Medium
macOS,155.5,0,0,70.0,0,0,4,10.0,High
Windows,47.3,0,1,88.4,1,1,0,4.6,Medium
Windows,62.5,1,0,13.9,1,0,0,2.88,Low
Windows,102.9,1,0,61.9,0,1,0,6.06,Medium
Windows,43.4,0,0,19.0,1,1,0,7.0,High
Linux,60.2,0,0,183.1,1,1,0,7.68,High
macOS,43.2,0,1,16.9,1,0,0,2.86,Low
macOS,168.4,1,0,117.5,1,1,3,6.29,Medium
Windows,288.6,1,1,133.6,1,1,3,6.43,Medium
Windows,107.6,1,1,17.9,1,0,2,2.82,Low
Linux,73.9,1,1,19.8,0,0,0,2.52,Low
Windows,202.4,0,0,95.1,0,1,6,10.0,High
Windows,72.1,1,1,44.8,0,0,0,2.98,Low
Windows,78.6,1,0,48.1,0,1,3,6.3,Medium
macOS,188.5,1,0,123.2,1,1,1,5.77,Medium
macOS,191.3,1,0,115.0,0,0,1,6.97,Medium
macOS,135.5,1,1,49.7,1,0,2,3.16,Low
macOS,141.5,1,1,34.4,0,1,0,6.13,Medium
Windows,138.7,0,1,113.1,1,1,1,6.42,Medium
Linux,81.3,0,1,21.4,0,0,2,5.38,Medium
Windows,99.9,1,1,48.0,1,0,1,2.45,Low
macOS,202.0,0,1,61.8,1,1,1,6.72,Medium
Windows,34.2,1,1,20.9,0,0,0,2.59,Low
Linux,57.5,0,1,10.0,1,0,3,3.6,Low
Windows,313.8,0,0,56.4,1,1,4,10.0,High
Windows,37.3,1,1,29.2,1,1,0,1.59,Low
Windows,186.1,0,0,145.2,0,0,3,10.0,High
Windows,5.5,0,1,9.6,1,0,1,2.84,Low
Windows,170.2,0,1,21.5,1,0,1,5.6,Medium
macOS,86.3,0,0,9.4,1,0,0,7.08,High
Windows,33.9,0,1,61.9,0,0,1,5.55,Medium
Linux,144.6,1,1,25.2,1,0,1,2.94,Low
Windows,88.6,1,1,58.4,1,1,2,4.37,Medium
macOS,264.6,0,1,34.0,1,1,1,6.33,Medium
Windows,33.9,1,0,27.6,0,0,3,4.4,Medium
macOS,143.9,0,1,60.1,1,1,1,6.79,Medium
macOS,44.4,1,1,64.2,0,1,0,4.37,Medium
Windows,78.1,0,0,141.5,1,0,1,7.09,High
Linux,145.5,1,1,32.1,1,1,2,4.14,Medium
Windows,179.0,1,0,76.4,0,1,0,7.55,High
Windows,19.9,1,1,13.3,0,1,0,3.13,Low
macOS,24.6,1,1,97.7,1,1,1,2.0,Low
macOS,164.5,1,0,91.4,0,0,4,7.58,High
Windows,56.1,1,0,134.3,1,0,0,3.14,Low
Windows,18.7,0,0,18.1,1,0,0,6.08,Medium
Linux,61.9,0,1,8.3,1,0,2,4.05,Medium
macOS,143.2,0,1,43.1,0,0,2,7.09,High
Linux,154.7,0,1,143.0,0,0,2,7.72,High
Windows,192.0,1,0,205.6,1,1,4,6.96,Medium
macOS,94.5,1,1,225.4,1,0,2,2.94,Low
Windows,102.1,1,0,20.8,1,0,1,2.97,Low
Linux,584.0,0,0,56.6,0,1,2,10.0,High
Windows,87.4,0,0,87.0,0,1,1,9.51,High
macOS,290.1,0,0,51.4,0,1,1,10.0,High
Windows,31.6,1,0,61.4,1,0,0,2.89,Low
macOS,214.8,1,0,65.2,1,1,1,5.37,Medium
macOS,100.4,1,1,45.1,1,0,2,2.94,Low
Windows,115.9,1,1,27.1,1,0,0,2.38,Low
Linux,102.9,0,1,83.1,0,0,4,8.68,High
Windows,3.3,1,1,7.6,1,0,0,0.01,Low
macOS,67.3,1,1,13.5,1,0,0,1.18,Low
Windows,198.6,1,0,93.7,1,0,1,4.72,Medium
Windows,87.1,1,1,15.6,0,0,0,2.88,Low
Windows,110.0,1,1,53.7,1,0,0,3.36,Low
Windows,56.1,1,1,39.6,1,1,1,2.44,Low
Windows,214.2,0,1,140.0,1,0,0,6.25,Medium
macOS,442.6,0,0,114.9,0,0,0,10.0,High
macOS,90.0,1,1,34.2,0,1,1,5.57,Medium
macOS,168.7,1,0,32.5,0,0,3,7.41,High
Windows,67.0,0,1,14.2,1,0,2,4.09,Medium
Windows,253.1,1,0,30.5,0,1,3,9.3,High
Windows,63.1,1,0,67.4,0,0,2,4.21,Medium
macOS,65.1,1,1,51.8,1,0,0,1.74,Low
Linux,91.5,0,1,67.6,1,0,2,5.13,Medium
Windows,42.9,1,1,21.1,1,1,3,2.12,Low
macOS,71.4,1,1,22.6,1,0,2,3.23,Low
Windows,115.5,1,0,79.3,1,1,0,3.79,Low
Windows,242.1,1,1,34.2,0,1,2,6.32,Medium
Windows,231.8,1,0,57.3,0,0,4,8.49,High
Windows,47.2,0,1,105.5,0,1,2,7.41,High
macOS,9.8,1,1,8.2,1,1,0,0.67,Low
Linux,141.0,1,0,101.6,1,0,2,4.85,Medium
Windows,303.6,1,1,30.6,0,1,4,7.87,High
Windows,82.1,0,0,38.2,1,1,1,7.69,High
macOS,208.3,1,0,54.3,0,1,4,9.42,High
Linux,230.3,1,1,102.4,1,0,2,4.51,Medium
macOS,205.1,0,0,85.5,1,1,3,10.0,High
Windows,127.3,0,1,93.7,1,1,5,9.12,High
macOS,93.6,1,1,25.0,0,1,1,4.84,Medium
Windows,113.6,1,0,95.7,1,1,3,5.48,Medium
Linux,121.7,0,1,56.8,0,0,0,7.03,High
Windows,114.9,1,1,16.1,0,0,0,4.09,Medium
macOS,180.6,0,0,33.2,1,1,2,8.96,High
Windows,49.9,0,1,21.6,0,1,0,6.57,Medium
Windows,29.2,1,0,208.4,0,1,3,5.05,Medium
Linux,162.6,1,0,99.8,0,1,3,8.45,High
macOS,113.0,1,0,9.9,1,0,3,5.22,Medium
Windows,133.2,1,1,9.4,1,0,0,2.24,Low
Linux,27.9,0,1,118.4,1,0,0,3.28,Low
Linux,129.4,0,0,46.3,1,1,3,9.56,High
Windows,131.4,1,1,84.1,0,0,1,4.63,Medium
Windows,336.3,1,0,28.0,0,1,1,8.05,High
Windows,104.3,1,1,11.9,0,1,1,4.64,Medium
macOS,166.3,0,1,133.2,0,0,3,9.39,High
Windows,108.0,1,1,45.3,0,1,1,4.86,Medium
Windows,182.4,0,1,21.3,0,1,3,10.0,High
Linux,20.8,0,1,146.8,0,1,1,6.96,Medium
Linux,102.5,1,0,58.2,1,1,1,3.93,Low
macOS,61.1,0,1,242.6,0,0,3,6.6,Medium
Linux,129.5,1,1,22.1,1,1,1,2.57,Low
macOS,98.1,0,1,13.8,1,0,2,4.3,Medium
macOS,273.6,0,0,114.2,1,1,6,10.0,High
macOS,90.3,0,0,33.1,1,1,2,8.16,High
Windows,289.4,0,1,65.2,0,0,2,9.05,High
Windows,248.0,0,0,117.5,1,1,3,10.0,High
Windows,76.0,0,1,65.1,1,0,3,5.71,Medium
macOS,137.5,1,1,43.5,1,1,1,3.41,Low
Windows,47.3,0,1,57.0,1,0,2,4.49,Medium
Windows,78.7,1,0,129.8,1,1,3,3.55,Low
macOS,44.8,1,1,16.8,1,0,1,1.68,Low
Windows,53.0,1,1,2.9,1,1,1,1.57,Low
Windows,360.5,0,0,50.5,0,0,1,10.0,High
macOS,131.0,0,1,19.0,1,1,1,4.79,Medium
Linux,363.4,1,0,156.1,0,1,0,6.59,Medium
Windows,36.0,1,0,22.1,0,1,2,6.14,Medium
Windows,128.1,0,1,96.2,1,1,1,7.66,High
Windows,33.4,1,1,6.6,0,0,1,2.43,Low
macOS,160.6,0,1,91.2,0,1,2,9.97,High
macOS,14.6,1,1,4.3,1,0,0,0.03,Low
Windows,174.0,0,1,142.2,0,0,3,8.86,High
macOS,32.3,1,0,62.5,1,0,0,2.83,Low
Windows,112.6,1,0,133.9,1,1,4,5.95,Medium
Windows,110.5,1,1,24.0,1,1,0,2.74,Low
Linux,133.6,1,1,41.9,0,0,2,5.47,Medium
Windows,30.1,0,1,11.5,0,1,2,6.17,Medium
Windows,131.2,1,0,4.8,1,1,1,4.16,Medium
Windows,218.9,0,1,37.3,1,0,2,6.0,Medium
macOS,111.6,1,1,30.1,1,0,1,2.63,Low
Linux,74.4,0,0,17.8,0,1,1,10.0,High
Linux,63.6,1,1,67.7,0,0,1,3.52,Low
Windows,289.0,1,0,169.0,1,1,2,5.65,Medium
Windows,90.0,0,1,40.4,1,1,1,4.99,Medium
macOS,83.9,1,0,103.9,0,0,0,4.28,Medium
Windows,128.5,1,0,52.7,0,1,2,7.71,High
Linux,246.8,1,0,34.5,1,0,2,5.14,Medium
macOS,64.9,1,1,18.4,1,1,0,1.62,Low
Windows,194.2,1,0,99.7,1,1,0,5.96,Medium
macOS,59.7,1,1,15.4,1,1,3,2.28,Low
Windows,102.7,1,1,146.7,0,1,2,5.85,Medium
Windows,109.1,1,1,21.0,1,0,0,2.15,Low
macOS,30.3,1,1,37.6,1,1,2,1.35,Low
Windows,33.0,1,0,25.7,0,1,0,4.82,Medium
macOS,44.4,1,1,15.0,1,1,1,1.79,Low
macOS,116.8,1,0,24.5,1,1,0,4.0,Medium
Linux,81.2,0,1,67.3,1,0,2,5.53,Medium
Linux,122.1,0,1,94.5,0,0,0,6.47,Medium
Windows,73.4,0,1,24.6,1,0,0,4.18,Medium
Windows,104.9,1,1,70.8,1,1,1,3.25,Low
macOS,115.7,1,0,56.4,1,1,3,6.23,Medium
Linux,87.4,1,0,27.5,1,1,0,4.26,Medium
Windows,61.9,1,0,68.6,1,1,2,4.08,Medium
Windows,66.0,1,1,111.6,1,1,1,2.8,Low
Windows,106.4,0,1,169.5,1,0,0,5.17,Medium
Windows,308.7,1,1,49.4,1,0,1,4.09,Medium
macOS,100.7,1,1,27.0,0,0,1,3.36,Low
Windows,163.7,0,1,50.5,0,0,2,8.22,High
macOS,81.2,1,1,47.9,1,0,1,1.51,Low
macOS,74.7,1,1,8.8,1,0,1,1.49,Low
macOS,300.5,1,0,204.0,0,1,3,9.94,High
Windows,67.4,1,1,30.3,1,0,2,1.39,Low
Windows,84.3,0,1,90.8,1,1,0,5.48,Medium
macOS,129.9,1,1,33.3,1,0,0,3.11,Low
macOS,146.1,0,1,211.6,1,0,4,7.56,High
Windows,15.3,1,1,14.4,0,1,1,3.06,Low
Linux,127.8,1,0,110.9,0,0,4,6.49,Medium
Windows,168.1,1,0,98.2,0,1,2,7.59,High
Linux,46.1,1,1,14.3,1,1,1,1.41,Low
Windows,97.6,1,0,31.3,0,0,3,5.85,Medium
Windows,100.0,1,0,6.7,1,0,3,5.47,Medium
Windows,168.5,1,0,41.7,1,1,0,4.74,Medium
Windows,50.9,1,1,64.9,0,1,1,4.98,Medium
Windows,75.1,1,1,167.4,1,1,2,2.78,Low
Windows,223.1,0,1,68.9,1,1,4,9.1,High
Windows,30.7,1,1,127.9,1,1,0,2.02,Low
macOS,65.9,1,1,55.2,1,1,1,3.11,Low
Windows,152.0,0,1,47.6,0,0,2,6.97,Medium
macOS,86.5,1,0,65.5,0,1,1,5.82,Medium
macOS,92.5,0,1,24.6,1,0,0,4.77,Medium
Windows,114.1,1,1,39.1,1,1,0,2.85,Low
Windows,42.3,1,0,37.4,1,0,0,2.19,Low
Linux,11.6,0,1,11.7,1,0,4,3.79,Low
macOS,124.4,0,0,39.8,1,0,1,7.68,High
Windows,123.9,1,0,214.8,0,1,3,8.34,High
macOS,113.6,1,1,14.1,0,0,0,3.57,Low
Windows,82.1,1,1,10.2,0,0,6,3.87,Low
Windows,289.6,1,1,126.0,1,0,2,3.94,Low
macOS,96.6,0,1,98.7,1,1,2,5.72,Medium
Windows,20.1,1,1,28.2,1,0,0,0.99,Low
macOS,89.3,1,1,114.2,0,0,2,4.15,Medium
Windows,105.5,0,0,133.2,1,1,6,10.0,High
macOS,16.8,1,1,28.1,0,1,0,3.38,Low
Windows,262.6,0,1,251.1,0,1,5,10.0,High
Windows,128.3,1,1,65.9,0,1,0,5.73,Medium
Windows,55.4,1,1,75.2,0,1,1,4.41,Medium
Windows,29.3,0,1,4.8,0,1,1,6.33,Medium
macOS,94.4,1,1,40.0,0,0,4,5.13,Medium
Windows,121.6,0,0,21.3,1,1,3,9.48,High
Windows,356.5,1,1,24.2,1,0,9,5.66,Medium
Windows,60.5,0,0,49.5,0,0,0,7.15,High
Windows,12.3,1,1,9.7,1,1,1,0.83,Low
macOS,42.4,1,1,46.8,1,1,3,2.28,Low
Windows,98.6,1,1,80.9,1,0,1,2.74,Low
Linux,59.6,0,0,27.6,1,1,3,7.45,High
Windows,56.2,1,0,32.0,0,1,4,6.0,Medium
macOS,76.9,1,1,7.7,0,1,0,4.2,Medium
Windows,137.1,0,0,225.2,0,0,1,10.0,High
Windows,245.7,0,0,77.5,0,0,9,10.0,High
Linux,103.5,0,1,124.8,0,1,0,8.13,High
Linux,98.3,1,1,47.1,1,0,1,2.51,Low
Linux,141.5,1,0,113.4,1,0,2,4.15,Medium
Windows,68.8,0,0,17.1,1,0,1,6.52,Medium
Windows,147.8,1,1,70.6,1,0,3,5.12,Medium
macOS,96.8,1,1,97.2,1,1,0,3.56,Low
Windows,23.1,1,1,95.6,1,0,1,1.09,Low
macOS,158.2,0,0,26.1,0,1,0,10.0,High
macOS,285.6,1,0,48.3,0,0,0,5.98,Medium
macOS,123.0,1,0,143.7,0,1,1,7.16,High
macOS,221.3,0,0,18.3,1,1,1,9.14,High
macOS,200.5,0,0,59.3,1,1,8,10.0,High
Windows,57.7,0,1,65.8,1,1,0,4.54,Medium
Windows,95.3,1,0,35.8,1,1,0,4.48,Medium
macOS,57.4,1,1,21.0,1,0,3,1.9,Low
Windows,113.2,1,0,4.4,0,1,2,7.24,High
Windows,68.7,1,0,111.8,0,0,0,4.35,Medium
Windows,98.7,1,1,21.2,1,1,1,3.0,Low
macOS,177.2,0,1,102.3,1,1,2,7.19,High
macOS,58.2,0,0,118.5,1,0,1,6.58,Medium
macOS,204.9,0,0,114.9,0,1,3,10.0,High
Windows,274.9,1,0,20.1,0,1,4,9.08,High
Windows,42.2,0,1,35.0,1,1,0,4.07,Medium
Windows,83.1,0,1,167.3,1,1,2,5.53,Medium
Windows,81.2,1,1,79.0,0,1,1,5.27,Medium
macOS,13.5,1,1,29.2,1,1,1,1.67,Low
macOS,147.6,0,1,62.1,1,0,0,6.65,Medium
Windows,92.0,1,0,86.2,0,1,3,7.32,High
Windows,157.6,0,0,106.1,0,1,3,10.0,High
Windows,32.1,1,0,125.4,1,0,1,2.12,Low
Linux,227.8,1,0,50.8,1,0,0,4.12,Medium
macOS,11.3,1,0,45.0,1,0,1,2.93,Low
Windows,95.1,1,0,14.4,1,0,1,3.45,Low
Linux,75.9,1,1,43.8,1,0,3,2.44,Low
Windows,129.4,1,1,41.3,1,0,2,3.66,Low
Windows,51.5,1,1,37.0,1,1,0,2.92,Low
Linux,77.4,1,0,21.7,1,0,4,3.88,Low
Windows,141.7,0,1,121.7,1,0,3,8.52,High
Windows,64.4,1,1,42.9,1,1,0,2.27,Low
macOS,183.3,1,0,59.6,0,0,4,8.49,High
Windows,130.5,0,0,90.4,0,1,3,10.0,High
macOS,48.5,1,1,19.3,1,1,2,1.72,Low
Windows,42.4,1,1,64.3,0,0,0,3.16,Low
Windows,129.2,1,0,16.2,1,1,2,5.31,Medium
Windows,159.4,0,1,68.7,1,0,0,5.92,Medium
Windows,140.0,1,1,125.7,1,0,2,4.15,Medium
Windows,343.9,1,0,212.1,0,1,1,7.94,High
Windows,131.6,1,0,89.2,1,1,2,4.72,Medium
Linux,44.7,1,1,178.4,1,0,1,2.18,Low
Windows,84.0,0,1,207.1,0,0,2,6.27,Medium
Windows,134.8,1,1,72.5,1,0,4,5.6,Medium
Windows,161.2,1,0,51.4,0,1,4,9.07,High
Windows,51.4,0,1,93.9,0,0,3,6.5,Medium
Windows,110.2,0,1,106.7,0,1,3,9.84,High
macOS,100.2,1,1,55.7,1,1,0,3.15,Low
Windows,105.7,1,0,48.0,1,1,1,2.82,Low
Linux,119.5,0,0,45.3,0,0,0,8.7,High
Linux,5.6,1,0,15.6,1,1,0,1.8,Low
Windows,240.0,0,0,149.2,0,0,4,10.0,High
Windows,12.2,1,1,39.1,1,0,1,0.91,Low
Windows,17.5,1,0,6.4,1,0,1,1.44,Low
macOS,75.6,1,1,25.0,1,0,0,1.95,Low
Windows,111.3,0,1,9.1,1,0,0,4.45,Medium
Linux,159.6,0,1,59.8,0,1,0,8.91,High
macOS,108.4,1,0,36.4,1,0,0,3.71,Low
macOS,45.2,1,1,3.0,1,0,1,1.15,Low
Windows,12.4,1,0,17.8,1,1,0,3.13,Low
Linux,134.8,1,1,45.7,1,0,3,5.15,Medium
Windows,11.7,1,1,20.7,1,0,1,0.75,Low
Windows,85.4,1,1,13.6,1,1,2,2.75,Low
Windows,138.5,0,0,65.7,1,0,1,7.98,High
Linux,59.2,1,0,156.1,1,1,4,3.76,Low
macOS,54.0,0,0,52.5,1,0,1,6.91,Medium
macOS,134.1,1,1,112.6,1,1,3,6.13,Medium
Windows,151.5,1,0,58.7,1,0,4,6.13,Medium
Linux,99.4,1,1,53.7,1,1,1,3.49,Low
Windows,124.5,0,1,80.9,0,1,3,9.65,High
Windows,148.5,0,0,73.8,1,0,3,10.0,High
Linux,15.6,0,1,51.5,1,1,2,3.98,Low
Windows,146.4,0,1,9.8,1,0,2,5.63,Medium
Windows,100.3,0,0,100.8,0,1,1,10.0,High
macOS,105.3,1,0,16.1,1,0,1,4.2,Medium
Windows,38.1,1,1,56.1,1,0,0,0.7,Low
Windows,138.0,0,1,103.4,0,1,1,9.4,High
Windows,140.4,0,1,39.5,1,0,4,7.87,High
Windows,58.1,0,1,84.7,0,0,1,6.15,Medium
Linux,213.1,0,1,91.9,0,1,4,10.0,High
macOS,258.9,1,1,52.9,1,0,0,4.42,Medium
Windows,72.5,0,0,76.3,0,0,1,9.04,High
Windows,45.2,1,1,74.2,1,0,2,2.0,Low
Windows,174.8,0,1,43.6,1,1,0,7.25,High
macOS,51.5,0,1,23.6,1,1,2,4.97,Medium
Linux,52.0,1,1,55.0,1,1,2,3.15,Low
Linux,10.5,1,1,64.9,1,0,3,2.0,Low
Windows,50.1,1,1,46.7,1,0,0,1.6,Low
Windows,126.8,0,1,189.6,0,1,4,9.78,High
Windows,10.8,1,0,39.3,0,0,0,3.0,Low
macOS,77.3,1,1,55.6,1,1,0,2.99,Low
Windows,193.0,0,0,54.0,0,1,0,10.0,High
macOS,463.8,0,0,103.1,0,0,4,10.0,High
macOS,96.2,1,0,53.5,1,0,1,3.28,Low
Windows,17.5,1,1,29.3,1,0,1,0.51,Low
Windows,80.7,1,1,22.3,1,0,2,2.27,Low
Windows,103.4,1,0,40.6,1,0,1,3.99,Low
Windows,71.2,0,0,103.4,1,0,3,7.36,High
Windows,152.3,1,0,32.6,0,1,3,8.22,High
macOS,77.1,0,1,43.8,1,0,1,4.48,Medium
Windows,107.8,0,0,81.7,0,0,2,8.7,High
Windows,130.9,1,1,58.2,0,0,1,4.75,Medium
macOS,81.8,1,0,29.7,1,1,0,3.86,Low
macOS,66.7,1,1,69.2,1,1,4,3.43,Low
Windows,50.0,1,1,8.2,1,1,2,1.93,Low
macOS,78.4,0,1,102.1,0,0,5,7.73,High
Linux,119.0,1,1,58.6,0,0,1,4.24,Medium
macOS,72.3,0,1,59.6,0,1,1,8.03,High
macOS,118.8,1,0,48.7,1,1,3,5.8,Medium
Windows,56.7,1,1,10.6,1,0,1,2.38,Low
Linux,276.1,0,1,55.1,1,0,4,8.45,High
Windows,141.5,0,0,12.2,1,1,0,7.7,High
Linux,69.5,1,1,65.5,1,1,1,2.69,Low
macOS,163.7,0,1,26.5,0,0,0,6.61,Medium
Windows,82.1,1,1,13.8,1,0,1,2.73,Low
Windows,85.6,1,1,126.5,1,0,3,2.74,Low
macOS,82.4,1,0,193.6,0,0,4,5.77,Medium
macOS,198.3,1,1,57.9,0,1,2,7.65,High
Windows,62.4,1,0,96.0,1,1,3,3.35,Low
macOS,78.6,1,0,38.6,1,1,5,3.89,Low
Linux,40.1,1,1,40.9,1,0,1,1.93,Low
Windows,169.5,0,0,116.4,1,0,2,8.68,High
Windows,76.6,1,1,35.4,0,1,3,5.3,Medium
Windows,230.2,0,0,55.1,0,0,3,10.0,High
macOS,151.1,1,1,27.2,1,0,0,1.93,Low
Windows,129.0,0,1,58.5,0,1,1,8.54,High
Linux,120.5,1,0,47.5,1,1,0,4.7,Medium
Windows,41.8,1,1,7.2,1,1,0,0.65,Low
macOS,75.8,0,1,3.8,0,1,2,7.33,High
Windows,157.3,0,1,68.5,0,1,3,10.0,High
Windows,111.1,1,1,42.5,1,0,2,2.56,Low
macOS,133.2,0,0,58.1,0,0,2,9.71,High
Windows,37.1,1,0,28.2,1,0,1,2.45,Low
Windows,34.4,1,0,88.3,0,0,2,4.56,Medium
Linux,35.7,1,0,24.1,1,0,1,2.21,Low
Linux,288.2,0,0,27.9,1,0,1,9.32,High
Linux,103.5,1,0,77.4,0,1,4,8.13,High
Windows,225.8,0,0,64.7,0,0,3,10.0,High
macOS,306.3,0,1,163.9,1,0,3,8.06,High
Linux,100.3,0,1,21.9,0,0,0,5.53,Medium
Windows,137.9,1,1,140.7,1,0,3,5.43,Medium
Windows,91.0,0,1,97.0,1,0,1,5.1,Medium
macOS,48.2,0,0,55.5,0,1,4,9.73,High
Windows,151.5,0,1,31.2,1,1,1,6.66,Medium
macOS,182.5,0,0,47.7,0,1,0,10.0,High
Linux,3.2,1,1,34.0,1,0,1,0.55,Low
macOS,189.0,0,1,76.5,0,0,1,8.76,High
Windows,145.6,0,0,117.6,1,1,4,10.0,High
Windows,151.8,1,1,81.8,0,0,4,6.98,Medium
Windows,65.8,0,1,90.2,1,0,2,5.21,Medium
Windows,68.9,0,1,8.8,1,1,1,3.08,Low
macOS,50.9,0,0,42.3,0,1,1,8.91,High
macOS,100.8,0,1,36.2,1,0,5,6.66,Medium
Windows,86.8,1,1,69.1,0,0,1,4.15,Medium
Windows,190.4,1,0,119.8,1,0,2,5.2,Medium
Linux,146.4,1,1,18.3,1,0,2,2.29,Low
Windows,41.2,1,1,23.5,0,0,5,3.33,Low
Windows,88.6,0,1,32.1,1,1,2,4.73,Medium
Windows,84.2,0,1,21.8,0,0,1,5.57,Medium
macOS,171.9,1,1,48.9,1,0,2,4.05,Medium
Windows,180.1,1,0,95.8,0,1,3,9.38,High
macOS,77.9,1,1,21.8,1,0,1,1.73,Low
Windows,245.0,0,1,43.4,0,1,3,10.0,High
macOS,72.6,0,1,37.1,1,1,2,4.93,Medium
Windows,95.9,0,0,94.6,1,1,1,7.93,High
Windows,161.3,1,0,35.5,1,1,3,6.14,Medium
Windows,172.5,1,0,99.0,1,0,4,6.53,Medium
Windows,127.7,0,1,113.9,0,0,2,6.91,Medium
Windows,163.8,1,1,284.3,1,0,2,4.05,Medium
Windows,97.3,1,0,23.5,1,1,1,4.11,Medium
Windows,82.8,1,0,149.4,0,1,3,6.11,Medium
Windows,240.3,0,0,56.7,1,1,2,9.44,High
Linux,177.9,0,0,64.8,0,0,3,10.0,High
Windows,115.6,0,1,56.4,0,0,0,7.52,High
macOS,73.6,1,1,24.0,0,0,2,3.6,Low
Linux,97.5,1,0,36.8,1,0,1,3.73,Low
Windows,71.6,0,0,68.2,0,1,3,9.72,High
macOS,29.4,1,1,9.8,1,0,0,0.0,Low
Linux,54.0,1,0,82.9,1,0,1,2.51,Low
macOS,21.4,1,1,23.1,0,0,2,1.87,Low
Windows,144.3,1,1,11.3,0,1,2,6.01,Medium
Windows,44.3,1,1,35.4,1,0,0,1.42,Low
Windows,56.2,0,1,43.6,1,0,1,4.33,Medium
Windows,46.4,0,0,137.3,1,1,0,6.68,Medium
Linux,190.7,0,0,76.6,0,0,1,9.83,High
Linux,130.6,0,1,47.8,0,1,3,9.64,High
Windows,210.2,0,1,71.7,1,0,1,6.85,Medium
macOS,57.6,1,1,17.4,0,1,2,5.27,Medium
Windows,118.4,0,1,63.1,1,0,3,7.19,High
Linux,112.4,1,0,64.7,0,1,0,6.53,Medium
Windows,330.5,1,1,76.1,0,0,4,8.15,High
Linux,51.2,1,1,7.5,0,0,2,2.81,Low
macOS,29.3,0,1,56.6,1,1,0,3.88,Low
Windows,29.3,1,0,37.9,1,0,0,2.26,Low
Windows,292.6,0,1,75.5,1,1,2,8.05,High
macOS,113.4,1,1,21.6,1,1,0,3.19,Low
Windows,357.0,1,1,12.8,0,1,3,7.97,High
Windows,28.3,1,1,52.5,1,0,5,1.52,Low
Linux,98.0,1,0,58.1,1,0,0,2.72,Low
macOS,90.8,1,1,19.6,1,0,1,2.24,Low
Windows,14.7,1,1,12.3,0,1,1,3.3,Low
Windows,18.2,1,1,20.2,1,0,0,0.59,Low
Windows,83.6,0,1,85.8,1,0,2,5.58,Medium
Linux,104.7,1,1,41.2,0,0,2,3.78,Low
Windows,110.5,1,0,104.5,0,1,1,6.31,Medium
Windows,66.1,0,0,40.2,1,0,2,7.46,High
Windows,64.8,1,1,18.9,0,0,2,2.73,Low
Linux,28.4,0,0,37.5,0,1,0,9.17,High
Windows,36.6,1,1,47.7,0,1,0,4.31,Medium
Linux,26.8,0,0,112.6,1,0,2,6.23,Medium
macOS,62.7,0,1,27.9,1,1,2,4.89,Medium
macOS,27.5,1,1,65.1,0,0,1,3.14,Low
Linux,230.4,0,1,84.9,1,1,2,7.66,High
macOS,181.3,0,1,112.8,1,1,2,6.59,Medium
Linux,81.8,1,0,186.7,1,1,3,4.66,Medium
Windows,253.0,1,0,40.9,0,0,4,8.2,High
macOS,14.0,1,1,14.4,1,0,1,1.13,Low
Windows,31.5,1,1,26.3,1,1,1,1.83,Low
Windows,27.9,1,1,26.2,1,1,0,2.26,Low
Linux,132.8,0,1,10.5,0,0,0,6.03,Medium
Linux,115.3,1,1,16.5,1,0,0,2.94,Low
macOS,19.7,1,1,19.0,1,0,0,0.29,Low
Windows,349.9,1,1,26.8,0,1,1,6.82,Medium
Windows,152.2,1,0,112.4,0,0,1,6.33,Medium
Windows,92.9,0,1,36.3,0,1,3,9.1,High
Windows,84.4,1,1,108.8,0,0,1,3.22,Low
Windows,282.8,1,1,100.9,1,0,0,4.15,Medium
Windows,113.6,0,1,19.9,1,0,1,4.73,Medium
Windows,329.9,1,0,191.6,0,1,2,8.36,High
macOS,185.6,0,0,16.7,0,1,2,10.0,High
Windows,29.6,0,0,17.4,0,0,1,7.31,High
Linux,123.4,1,1,57.2,1,0,2,3.18,Low
macOS,123.1,0,1,19.9,1,0,2,5.16,Medium
Windows,173.8,0,1,111.1,1,0,3,8.12,High
Windows,48.7,0,0,32.7,1,1,3,7.59,High
Windows,258.4,0,0,79.8,0,0,3,10.0,High
Linux,76.3,1,1,22.7,1,0,1,1.39,Low
Windows,135.2,0,0,69.5,0,0,3,10.0,High
Windows,24.1,1,1,65.1,1,0,1,1.29,Low
Linux,34.8,1,1,20.5,1,1,1,1.49,Low
Linux,145.0,0,1,196.8,0,1,1,8.53,High
Windows,97.2,0,1,100.4,1,1,1,5.43,Medium
Windows,113.0,1,1,36.9,1,1,2,3.98,Low
Windows,158.5,1,0,56.7,0,0,2,6.34,Medium
Windows,154.7,0,1,37.9,1,1,1,5.98,Medium
Windows,113.4,0,1,69.9,0,1,0,8.28,High
macOS,137.4,1,1,8.2,1,0,3,4.1,Medium
Linux,73.7,1,0,105.7,0,0,1,5.25,Medium
Windows,210.5,1,0,174.4,0,1,2,7.75,High
macOS,19.0,1,1,7.0,1,0,0,0.24,Low
Windows,16.9,1,1,7.8,0,1,0,3.1,Low
macOS,31.6,1,1,33.6,0,1,1,3.62,Low
macOS,113.1,0,0,91.2,0,0,0,9.0,High
Linux,21.6,1,1,5.7,1,0,1,0.69,Low
Linux,32.8,1,1,54.0,0,0,3,3.53,Low
Windows,65.0,1,0,111.6,1,1,1,3.47,Low
Windows,126.4,0,0,7.2,0,0,0,9.12,High
Windows,118.1,1,1,50.7,1,1,1,4.21,Medium
Windows,109.4,1,1,30.2,1,1,0,3.12,Low
Linux,45.0,0,1,29.9,1,0,0,2.93,Low
Windows,64.2,1,0,22.0,1,0,0,2.87,Low
macOS,21.8,1,1,29.6,1,0,0,1.3,Low
Windows,76.1,1,1,15.6,0,1,1,3.66,Low
Windows,15.0,1,1,12.5,1,0,1,0.19,Low
Windows,107.8,1,1,5.5,1,0,2,2.64,Low
macOS,167.0,1,1,85.2,1,0,2,4.66,Medium
macOS,130.0,1,0,88.4,1,0,0,3.98,Low
Windows,365.0,1,0,82.0,1,1,1,5.67,Medium
Windows,124.0,1,1,32.6,1,1,0,3.74,Low
macOS,81.6,0,0,46.7,0,0,1,8.25,High
Windows,82.2,1,0,172.2,0,1,2,5.88,Medium
Linux,177.1,1,1,13.3,1,0,0,3.25,Low
Windows,45.9,0,1,111.3,1,1,1,4.89,Medium
Windows,154.2,1,1,49.5,1,1,3,5.81,Medium
Windows,66.2,1,0,114.5,0,0,2,4.89,Medium
Windows,123.9,1,0,13.1,1,1,2,5.37,Medium
Windows,24.1,1,0,28.8,1,0,0,2.1,Low
Windows,87.1,0,1,13.1,0,1,3,7.04,High
Linux,67.5,1,1,13.8,1,1,2,2.0,Low
Windows,105.0,1,0,138.3,1,1,5,6.12,Medium
Windows,137.9,0,1,19.3,1,1,2,6.62,Medium
Windows,211.2,0,0,108.2,0,1,1,10.0,High
Windows,123.8,1,1,91.6,1,1,4,5.14,Medium
macOS,84.9,1,1,46.4,1,1,2,2.84,Low
Windows,98.7,1,1,102.4,0,1,3,7.04,High
macOS,57.5,1,0,102.2,0,1,0,5.45,Medium
Windows,70.7,0,1,94.7,0,0,6,6.85,Medium
Linux,102.2,1,0,29.2,1,0,1,3.27,Low
Windows,183.3,0,1,78.4,1,1,1,6.9,Medium
Linux,258.0,0,1,95.9,0,1,1,9.47,High
Windows,26.0,1,0,44.6,1,1,1,2.85,Low
Windows,37.0,1,1,20.5,1,0,2,0.98,Low
macOS,149.3,0,1,49.5,0,1,2,9.13,High
macOS,60.7,0,1,7.6,1,0,1,4.52,Medium
macOS,111.1,1,0,30.6,1,0,3,5.36,Medium
Windows,71.5,1,0,15.9,1,0,1,3.18,Low
macOS,40.3,1,1,64.3,1,0,3,1.67,Low
Linux,111.7,1,0,124.0,0,1,7,8.78,High
macOS,40.3,0,1,10.8,1,1,3,4.15,Medium
Windows,92.5,0,0,66.6,0,1,2,10.0,High
macOS,373.3,0,0,82.5,1,1,6,10.0,High
macOS,84.8,1,0,79.6,0,0,1,4.44,Medium
Linux,99.2,1,1,40.8,1,0,1,2.32,Low
Windows,115.8,1,1,131.5,0,0,3,6.27,Medium
Windows,50.7,1,1,48.5,1,1,0,1.62,Low
macOS,18.7,1,1,19.5,1,0,2,1.06,Low
Windows,148.4,1,0,96.5,0,0,4,7.42,High
macOS,120.3,1,1,47.9,1,0,1,3.03,Low
Windows,214.1,1,1,120.3,1,0,0,3.29,Low
Windows,59.3,1,1,13.3,1,0,2,1.86,Low
macOS,17.4,0,1,66.8,0,1,0,7.39,High
Windows,32.4,0,0,29.8,1,0,0,5.81,Medium
Windows,117.2,1,0,96.1,1,0,2,3.51,Low
macOS,77.0,1,0,87.9,1,0,5,4.29,Medium
macOS,95.6,1,0,68.8,1,0,1,3.15,Low
Linux,44.5,1,1,22.7,1,0,0,1.14,Low
Windows,13.7,0,1,4.9,1,0,0,2.43,Low
Windows,128.0,1,1,66.6,1,1,1,3.3,Low
Linux,121.1,1,0,46.7,1,0,1,4.08,Medium
Windows,31.7,1,0,17.1,0,0,1,3.49,Low
Windows,141.7,0,0,60.5,1,0,2,7.68,High
Windows,322.7,1,0,194.4,1,1,2,5.82,Medium
Windows,103.6,1,0,57.1,1,0,1,4.79,Medium
Linux,194.8,0,1,33.1,0,0,2,8.3,High
macOS,132.0,1,1,21.3,1,0,2,3.05,Low
macOS,49.6,1,1,32.1,0,1,5,6.38,Medium
Windows,155.1,0,0,157.9,0,1,5,10.0,High
Windows,126.7,1,0,22.9,1,0,0,4.08,Medium
Windows,160.0,0,0,128.2,1,1,1,9.68,High
Windows,198.9,0,0,59.7,1,0,2,8.59,High
Windows,90.9,1,1,18.6,1,0,2,2.42,Low
Windows,82.5,1,1,26.3,0,1,2,4.81,Medium
Windows,292.9,0,0,111.7,0,1,1,10.0,High
macOS,49.1,1,1,12.9,1,0,0,1.23,Low
macOS,51.6,1,0,21.9,1,0,2,2.21,Low
Windows,218.1,0,0,36.7,0,1,1,10.0,High
Windows,7.5,0,1,5.2,0,1,2,5.83,Medium
macOS,71.3,1,0,51.2,1,1,3,3.27,Low
macOS,93.2,0,0,71.0,1,1,2,7.81,High
macOS,188.1,1,1,21.7,0,1,4,7.62,High
Windows,18.4,0,1,14.8,1,0,0,2.36,Low
macOS,12.2,1,0,29.2,0,0,1,3.79,Low
Windows,43.2,1,1,11.7,0,1,0,3.78,Low
Windows,139.5,0,0,112.7,1,1,1,8.49,High
Windows,189.5,0,1,92.1,1,1,2,7.22,High
Windows,122.5,1,0,23.4,1,0,2,4.3,Medium
Windows,80.8,1,1,51.6,1,1,0,2.52,Low
Windows,35.8,0,0,20.5,0,1,1,8.73,High
macOS,14.7,1,0,57.6,1,1,3,3.38,Low
Windows,137.2,1,0,88.4,1,0,2,4.19,Medium
Windows,70.3,1,1,36.3,1,1,2,3.23,Low
Windows,40.6,1,1,15.0,1,1,0,1.22,Low
Windows,38.6,1,0,34.0,1,0,0,2.59,Low
Windows,106.8,1,1,123.5,0,0,4,6.2,Medium
Windows,33.7,1,1,75.5,1,1,4,3.02,Low
Windows,133.2,0,1,88.1,1,0,1,5.98,Medium
macOS,134.4,1,1,12.0,1,0,0,2.85,Low
Linux,71.0,1,1,76.4,1,0,2,3.14,Low
Windows,194.2,0,1,5.8,1,1,2,6.23,Medium
macOS,9.7,0,1,37.9,0,1,2,6.94,Medium
Linux,32.1,1,1,59.1,0,1,1,4.34,Medium
Linux,265.3,1,1,98.8,1,0,0,3.38,Low
macOS,19.7,1,1,0.5,1,0,0,0.63,Low
Linux,141.7,0,0,105.2,1,0,2,8.65,High
Linux,69.2,1,1,24.0,1,0,3,2.39,Low
macOS,57.4,0,0,23.3,0,1,1,9.28,High
Windows,269.9,1,0,107.5,0,1,4,9.12,High
Windows,64.9,0,0,12.4,0,1,2,9.54,High
Windows,114.8,1,1,49.6,1,0,1,3.05,Low
Windows,193.4,0,0,69.6,1,0,3,10.0,High
Windows,337.8,1,1,244.5,1,1,5,6.28,Medium
Windows,29.2,0,1,104.7,1,0,0,3.72,Low
macOS,348.2,0,0,66.2,0,1,2,10.0,High
macOS,82.8,0,1,16.8,1,1,2,4.76,Medium
macOS,50.6,1,0,12.9,1,0,2,3.19,Low
Windows,15.4,1,1,83.3,1,0,1,0.9,Low
Windows,62.8,0,1,23.0,1,1,0,4.49,Medium
macOS,23.8,1,1,1.1,1,0,1,0.42,Low
macOS,22.8,1,1,17.3,1,0,0,0.77,Low
Linux,14.4,1,0,10.4,1,0,1,1.69,Low
Linux,31.6,0,0,84.7,1,1,2,6.77,Medium
Linux,44.9,0,1,193.5,1,1,6,5.25,Medium
Windows,77.5,0,1,90.7,1,0,1,4.99,Medium
Windows,40.2,1,0,32.8,1,0,0,1.58,Low
Windows,104.4,0,0,107.7,0,1,4,10.0,High
macOS,65.3,1,1,42.7,1,0,1,1.47,Low
Linux,33.8,1,1,57.9,1,1,1,1.9,Low
Windows,97.5,1,1,43.7,0,1,2,5.45,Medium
macOS,67.5,1,1,9.8,1,1,1,2.33,Low
Windows,34.7,0,0,17.3,0,1,0,8.14,High
Windows,262.6,0,0,93.6,0,1,2,10.0,High
Windows,29.1,1,1,66.5,1,1,0,2.36,Low
Windows,233.9,0,0,58.1,1,1,4,10.0,High
Linux,128.8,0,1,33.0,1,1,1,5.18,Medium
Windows,143.0,1,1,307.3,0,0,3,6.37,Medium
macOS,169.0,0,0,57.7,1,0,2,8.61,High
macOS,80.0,0,1,79.5,1,1,5,5.99,Medium
Windows,67.9,1,1,7.4,0,0,1,3.0,Low
Windows,47.9,0,1,24.7,0,0,1,4.54,Medium
macOS,221.7,1,1,95.0,0,0,1,5.71,Medium
Windows,36.6,1,1,1.2,1,0,0,0.47,Low
Linux,55.2,0,0,27.6,0,0,2,8.15,High
Windows,174.2,0,1,132.8,1,1,0,7.24,High
macOS,115.7,0,0,59.1,1,0,1,8.05,High
macOS,192.4,0,1,145.2,1,1,2,8.02,High
Windows,64.6,1,0,43.8,0,1,2,5.17,Medium
Windows,64.9,0,1,154.6,0,0,1,6.19,Medium
Linux,68.4,1,1,30.8,0,0,0,3.38,Low
Windows,31.4,1,1,49.6,1,0,1,1.26,Low
Windows,60.1,0,1,58.4,0,0,3,6.32,Medium
Windows,171.9,1,0,56.5,1,1,2,6.08,Medium
Windows,156.7,1,0,66.5,0,1,1,7.29,High
macOS,371.3,0,1,60.7,0,0,2,8.81,High
macOS,88.5,0,1,125.8,1,1,2,5.74,Medium
Windows,75.2,1,1,17.1,1,1,0,2.26,Low
macOS,146.3,1,1,86.4,1,0,1,4.06,Medium
Windows,154.4,0,0,167.7,0,1,0,10.0,High
Windows,132.4,1,1,27.6,1,0,1,3.13,Low
macOS,44.4,1,0,9.0,1,0,0,2.18,Low
Linux,88.0,1,1,154.2,1,1,2,3.84,Low
Windows,123.9,1,0,114.3,0,1,1,6.67,Medium
Windows,23.6,1,0,29.2,1,1,2,2.78,Low
Windows,91.0,1,1,17.3,1,1,2,2.43,Low
macOS,264.0,0,1,2.9,0,0,0,7.02,High
Windows,92.3,0,1,40.0,1,1,3,7.05,High
Windows,99.0,1,1,45.7,0,0,1,4.07,Medium
macOS,69.2,1,1,7.8,0,0,0,3.63,Low
Windows,77.9,1,1,11.4,0,0,1,2.97,Low
Windows,227.5,1,1,37.3,1,1,1,4.11,Medium
Windows,83.0,0,1,41.4,0,1,2,7.64,High
Windows,180.4,1,1,139.4,0,1,4,8.94,High
Windows,71.8,1,1,33.2,1,1,1,1.96,Low
Linux,16.0,1,1,14.9,1,0,1,1.23,Low
macOS,38.3,0,1,15.7,1,0,1,3.41,Low
macOS,73.5,1,1,10.5,0,1,6,5.94,Medium
Linux,40.2,0,1,20.4,0,0,1,5.55,Medium
Windows,229.9,1,0,84.5,0,1,5,9.96,High
Windows,308.3,0,0,72.1,0,1,5,10.0,High
Linux,125.0,0,0,104.7,0,1,5,10.0,High
Windows,60.3,0,1,98.5,1,1,6,5.62,Medium
macOS,116.9,0,0,46.0,0,0,4,10.0,High
macOS,139.5,1,0,100.6,0,0,2,5.43,Medium
Windows,109.8,1,1,16.5,0,0,3,5.41,Medium
Windows,75.7,0,1,33.0,1,0,1,4.57,Medium
Windows,110.2,0,1,23.0,1,0,2,4.48,Medium
Windows,153.2,1,1,72.7,0,1,4,8.13,High
Windows,261.0,1,0,53.4,0,1,4,9.18,High
Windows,239.4,0,0,124.2,1,1,2,10.0,High
macOS,56.1,0,0,24.5,1,1,1,6.26,Medium
Linux,59.7,1,1,9.8,1,1,1,2.68,Low
macOS,72.3,1,0,32.0,0,1,1,6.12,Medium
Windows,87.7,1,1,15.5,0,0,2,2.57,Low
Windows,16.7,1,0,3.7,1,1,1,2.34,Low
Windows,215.9,1,1,100.4,1,0,3,5.98,Medium
Windows,81.0,1,1,39.6,1,0,1,1.96,Low
Linux,94.1,0,1,41.2,0,0,0,5.98,Medium
Windows,61.5,0,0,40.6,1,1,2,8.3,High
Windows,52.7,1,1,12.8,1,0,1,1.16,Low
macOS,89.3,0,1,28.0,0,1,2,7.17,High
Windows,82.3,1,0,62.4,0,0,0,4.83,Medium
Windows,201.5,0,1,61.0,0,1,3,10.0,High
Windows,33.6,1,1,39.4,1,0,1,1.67,Low
macOS,169.7,1,1,89.0,1,1,0,4.65,Medium
macOS,198.0,0,1,7.8,0,0,2,8.25,High
Windows,187.1,0,0,71.7,0,1,2,10.0,High
Linux,30.9,1,1,2.9,1,1,1,1.2,Low
Linux,78.4,1,1,16.3,1,0,1,1.83,Low
macOS,113.7,1,1,26.6,1,0,1,3.48,Low
Windows,40.2,0,1,6.3,1,0,0,3.23,Low
Windows,155.9,1,0,29.3,0,0,3,7.39,High
Linux,69.8,1,1,31.8,1,0,0,1.69,Low
Windows,42.9,1,0,59.8,1,1,2,3.45,Low
macOS,12.8,1,1,8.2,1,0,1,0.4,Low
macOS,299.1,1,0,176.7,1,1,6,6.99,Medium
Windows,68.4,1,1,80.0,1,0,3,2.45,Low
macOS,60.1,0,1,16.9,1,0,0,3.37,Low
Linux,129.9,1,0,23.0,1,0,0,3.85,Low
macOS,7.1,1,1,10.5,1,1,0,0.54,Low
Windows,121.2,1,1,68.8,0,0,1,4.58,Medium
Linux,102.8,1,0,31.6,1,0,0,3.37,Low
Windows,158.3,0,0,57.5,0,1,3,10.0,High
macOS,30.0,1,1,59.3,0,0,1,2.64,Low
macOS,42.3,1,1,12.8,1,1,0,2.13,Low
macOS,50.7,1,0,2.4,1,0,1,3.2,Low
Windows,40.9,1,1,50.9,1,0,2,2.11,Low
Windows,50.1,1,1,6.9,1,0,1,1.49,Low
Windows,161.7,1,1,93.6,1,1,2,4.22,Medium
Windows,8.9,1,0,32.2,1,0,0,1.52,Low
Windows,230.1,0,1,133.6,0,0,2,8.11,High
macOS,53.8,0,1,58.3,1,1,3,4.76,Medium
Windows,151.3,0,1,73.4,1,0,5,7.94,High
macOS,141.9,1,1,18.8,1,1,0,4.21,Medium
Linux,50.4,0,0,123.9,1,1,1,7.04,High
Windows,89.7,1,0,33.6,1,0,2,4.21,Medium
macOS,270.4,0,1,32.5,0,0,1,8.27,High
macOS,112.4,1,1,22.9,1,0,0,1.96,Low
Windows,176.5,0,0,58.8,0,0,0,9.95,High
Windows,29.1,1,1,88.6,1,0,0,1.26,Low
macOS,222.2,1,0,70.7,0,1,1,8.17,High
Linux,68.8,0,1,208.4,0,1,3,8.11,High
macOS,141.7,0,0,78.5,1,1,1,9.29,High
Linux,133.8,0,1,22.1,1,1,2,6.09,Medium
Linux,44.4,1,1,103.1,1,0,1,2.22,Low
Windows,106.0,1,1,79.7,0,1,3,7.03,High
macOS,168.0,1,1,161.4,0,0,1,4.9,Medium
Windows,103.7,1,0,169.4,1,1,2,4.61,Medium
Linux,88.3,1,0,15.6,1,1,1,3.93,Low
Windows,88.0,1,1,27.4,0,1,0,5.0,Medium
Windows,167.4,1,1,24.3,1,1,2,4.81,Medium
Linux,122.0,0,1,34.5,0,1,2,8.42,High
Windows,259.1,0,1,70.2,1,0,2,7.23,High
macOS,199.9,0,0,149.9,1,1,2,9.91,High
Windows,59.8,0,1,7.8,1,1,0,4.02,Medium
Linux,283.5,1,1,8.6,1,0,1,3.29,Low
Linux,59.6,1,0,20.9,1,0,2,3.85,Low
Windows,268.0,1,1,72.1,1,0,2,4.65,Medium
macOS,205.6,1,1,43.1,0,1,1,6.96,Medium
Windows,30.0,1,1,95.4,1,1,1,1.74,Low
macOS,70.7,1,1,137.8,1,0,3,2.86,Low
macOS,17.4,1,1,42.0,1,0,0,1.07,Low
macOS,72.0,1,0,32.4,1,1,1,3.21,Low
Windows,113.5,1,0,66.1,1,0,2,4.31,Medium
Windows,90.8,0,1,22.6,1,1,1,4.95,Medium
macOS,8.7,1,1,26.3,1,0,4,0.47,Low
macOS,108.8,1,0,93.9,0,0,0,4.72,Medium
Windows,18.9,1,0,13.8,1,0,1,2.52,Low
Windows,147.5,1,1,26.1,1,1,0,3.15,Low
Windows,167.9,0,0,28.2,0,1,2,10.0,High
Linux,212.7,0,0,69.1,1,0,4,10.0,High
Windows,245.0,1,0,72.8,0,0,2,7.49,High
Windows,52.3,0,1,45.5,0,1,0,6.37,Medium
Linux,38.5,0,1,59.7,1,0,0,3.5,Low
Windows,142.4,0,0,155.7,1,1,4,10.0,High
macOS,146.3,0,1,112.0,1,0,1,5.59,Medium
Windows,109.3,1,1,35.1,1,1,1,2.99,Low
Linux,105.8,0,0,52.6,1,1,3,10.0,High
macOS,221.4,1,0,42.9,0,1,1,7.68,High
Linux,20.4,1,1,35.0,1,1,1,0.95,Low
Windows,84.3,0,1,20.7,1,0,3,4.93,Medium
Windows,153.3,1,1,125.2,1,1,0,4.65,Medium
macOS,59.4,1,1,4.6,1,0,1,0.58,Low
Windows,211.1,1,1,101.2,1,0,2,3.96,Low
Windows,76.1,0,1,21.6,1,1,1,4.8,Medium
Windows,152.1,1,0,130.1,0,0,3,6.93,Medium
Linux,118.3,1,1,27.1,1,1,1,3.14,Low
macOS,128.9,0,0,108.9,0,1,1,10.0,High
macOS,49.9,1,0,57.5,0,1,0,5.14,Medium
macOS,266.7,0,1,138.5,1,0,3,8.38,High
Windows,7.5,1,1,3.6,1,1,0,0.9,Low
Windows,33.3,1,0,29.8,1,0,2,2.27,Low
Windows,84.5,1,1,110.4,1,0,0,1.98,Low
macOS,77.2,0,1,74.4,1,0,2,5.47,Medium
Windows,40.5,1,1,8.5,1,0,1,1.07,Low
Linux,203.7,1,1,16.3,1,0,2,3.93,Low
macOS,262.6,0,1,22.8,1,1,1,6.63,Medium
Windows,91.8,1,0,111.3,0,0,1,4.78,Medium
macOS,84.5,1,0,46.0,1,0,2,3.58,Low
Windows,110.7,1,1,89.4,1,0,3,4.12,Medium
Linux,69.8,0,1,27.1,1,0,2,4.6,Medium
Linux,72.2,0,0,26.2,0,0,2,8.08,High
Linux,180.5,1,0,54.5,1,0,4,7.63,High
Windows,20.5,0,1,95.2,0,1,1,6.91,Medium
Windows,161.3,1,0,31.3,0,0,1,6.18,Medium
Windows,27.3,1,1,37.2,1,0,2,1.02,Low
Windows,45.9,1,1,32.5,1,1,0,2.25,Low
Windows,22.0,1,1,5.9,0,1,0,3.09,Low
Windows,36.6,1,0,54.0,1,1,0,2.99,Low
Linux,201.6,1,1,55.1,1,0,0,3.76,Low
Windows,118.7,1,1,34.2,1,0,0,1.86,Low
Windows,190.8,1,0,146.2,1,1,0,5.92,Medium
macOS,101.8,0,1,14.1,0,1,2,7.85,High
macOS,153.9,1,1,16.1,0,1,0,5.62,Medium
macOS,67.0,1,1,332.5,0,1,1,5.88,Medium
macOS,289.6,1,1,37.8,1,1,1,4.46,Medium
Linux,152.6,1,1,53.8,0,1,2,7.2,High
macOS,187.9,1,0,28.1,0,1,1,7.15,High
Windows,58.8,1,1,124.8,1,1,0,2.31,Low
macOS,57.9,0,1,99.2,1,0,1,4.41,Medium
Windows,63.1,0,0,16.2,0,1,4,9.73,High
Windows,128.6,1,1,145.1,1,0,0,2.83,Low
Windows,44.9,1,1,159.6,0,0,4,3.96,Low
Windows,155.2,1,0,122.5,1,1,3,6.49,Medium
macOS,190.3,1,1,26.2,0,0,5,7.01,High
Windows,108.0,0,1,132.7,1,0,2,5.42,Medium
Windows,41.7,1,1,74.8,1,1,1,2.75,Low
Windows,180.6,0,1,198.2,1,0,2,6.4,Medium
macOS,83.9,0,1,182.8,1,0,2,5.21,Medium
Windows,42.0,0,0,30.7,1,0,0,5.97,Medium
macOS,44.0,1,0,59.8,0,0,0,3.57,Low
Linux,69.9,1,1,22.5,1,0,2,1.11,Low
Windows,45.8,1,1,12.6,1,1,4,2.29,Low
macOS,210.7,0,0,77.0,1,0,2,8.75,High
Windows,19.2,1,1,28.1,1,0,2,1.27,Low
Windows,146.5,1,1,125.5,1,0,0,4.73,Medium
macOS,209.5,0,0,30.9,0,0,0,10.0,High
Linux,186.1,1,1,46.3,1,1,1,4.78,Medium
Windows,52.9,1,0,42.5,1,0,1,2.43,Low
macOS,92.2,1,1,29.5,0,1,3,6.65,Medium
Windows,187.1,0,1,95.5,1,1,0,6.95,Medium
macOS,160.0,1,1,47.2,1,0,2,3.62,Low
macOS,213.7,0,1,22.5,0,1,3,10.0,High
macOS,307.5,0,0,230.8,0,1,2,10.0,High
macOS,156.4,1,0,76.7,0,0,1,5.71,Medium
Windows,113.4,0,1,23.4,0,1,1,7.39,High
macOS,138.6,1,0,37.6,1,0,2,4.99,Medium
macOS,100.7,0,0,28.1,1,1,0,8.3,High
macOS,81.2,1,0,94.2,1,0,2,3.07,Low
Windows,50.0,1,0,11.9,1,0,2,3.31,Low
Windows,103.1,0,0,71.3,0,1,5,10.0,High
Windows,40.1,1,0,29.9,1,0,0,1.93,Low
Windows,379.7,0,0,102.2,0,1,1,10.0,High
Windows,230.5,0,1,23.2,0,1,2,8.95,High
Windows,89.2,1,1,27.8,1,1,1,2.7,Low
macOS,69.1,1,0,4.8,0,0,0,3.73,Low
Windows,39.6,1,0,99.5,0,0,3,4.13,Medium
macOS,64.8,1,1,100.2,1,0,1,1.87,Low
Windows,116.8,1,0,107.3,0,1,4,8.47,High
macOS,36.9,0,1,10.8,1,0,2,3.66,Low
Windows,51.7,1,1,35.3,1,0,0,2.0,Low
Windows,83.7,1,1,18.7,1,1,0,1.57,Low
macOS,169.3,0,1,106.1,1,1,8,9.36,High
Linux,183.3,1,1,24.7,1,0,0,4.02,Medium
Windows,157.1,0,0,120.7,1,0,1,8.18,High
Windows,43.3,1,0,88.7,1,1,1,2.92,Low
macOS,412.6,0,0,72.7,1,1,0,9.23,High
macOS,153.3,1,0,46.7,1,1,2,5.63,Medium
Windows,179.6,1,0,30.9,1,1,3,6.17,Medium
Windows,49.6,0,1,114.3,0,0,2,5.8,Medium
Windows,85.4,0,0,57.4,1,1,4,8.39,High
Linux,91.4,1,1,118.8,0,0,3,5.65,Medium
Windows,83.3,1,1,31.2,1,1,0,2.46,Low
Windows,120.3,1,0,22.0,1,1,2,3.99,Low
Linux,104.7,1,1,29.7,1,1,2,3.01,Low
Windows,106.0,1,1,41.2,1,0,2,2.75,Low
Windows,66.6,0,1,31.7,1,1,4,5.0,Medium
Windows,73.2,0,0,76.9,0,0,2,8.94,High
Windows,64.9,1,0,31.4,1,1,2,3.5,Low
Windows,40.7,1,0,66.0,1,1,4,3.28,Low
Windows,120.3,1,1,41.2,0,1,3,8.04,High
macOS,143.4,0,1,124.5,0,1,4,10.0,High
macOS,233.2,0,1,174.3,1,1,1,7.26,High
Windows,103.9,1,0,52.2,1,0,0,3.39,Low
macOS,119.7,0,0,9.7,1,1,3,9.46,High
Windows,30.6,0,1,18.1,1,0,0,2.88,Low
Linux,60.4,1,1,62.3,1,1,1,2.2,Low
Windows,214.1,1,0,375.2,1,1,2,5.57,Medium
macOS,72.9,0,1,26.8,1,0,5,4.49,Medium
Windows,136.9,1,1,15.0,0,1,2,6.22,Medium
macOS,82.4,0,0,42.3,0,0,1,8.2,High
Windows,284.1,0,1,40.4,1,1,1,7.25,High
macOS,254.5,0,0,115.9,0,1,2,10.0,High
Windows,127.0,1,1,18.7,0,0,1,4.29,Medium
Linux,37.7,1,1,21.6,1,1,2,1.33,Low
Windows,104.4,1,1,20.7,1,0,1,2.11,Low
macOS,83.3,1,0,77.1,1,1,3,3.97,Low
macOS,77.4,1,1,32.2,1,0,1,2.16,Low
Linux,106.1,1,0,36.0,1,1,2,3.88,Low
Windows,314.8,1,1,108.7,0,1,4,9.38,High
Windows,21.5,0,1,2.7,1,0,1,3.01,Low
Windows,126.8,0,1,107.3,0,0,0,6.93,Medium
Windows,226.7,0,1,29.0,0,1,1,8.45,High
macOS,48.8,1,1,58.4,1,1,2,2.77,Low
Linux,88.3,1,1,32.0,0,0,1,4.09,Medium
Linux,127.3,1,0,93.1,0,0,6,6.99,Medium
Windows,121.5,0,1,33.8,1,0,0,4.82,Medium
macOS,96.1,1,1,111.3,0,1,1,5.5,Medium
Linux,113.6,0,0,158.5,1,0,2,7.69,High
Linux,167.0,0,0,72.5,1,0,0,7.99,High
Windows,113.5,1,1,90.1,1,1,3,5.28,Medium
Windows,85.3,0,0,7.2,0,0,2,9.18,High
macOS,83.3,0,1,24.0,1,0,3,4.81,Medium
Windows,88.7,1,1,75.7,0,1,1,5.11,Medium
Windows,81.2,0,1,52.5,0,1,3,7.58,High
Linux,72.8,1,1,31.1,1,0,2,3.13,Low
Linux,184.4,1,1,79.9,1,0,1,4.12,Medium
Linux,146.6,0,1,60.2,0,0,0,7.51,High
macOS,94.5,1,0,187.0,1,0,1,2.81,Low
Windows,177.2,1,0,86.3,1,1,1,5.15,Medium
Windows,88.6,1,0,65.7,0,1,3,7.01,High
Windows,145.3,1,0,132.7,0,0,5,7.33,High
macOS,269.1,1,0,74.3,0,0,1,6.07,Medium
Windows,149.6,1,1,15.6,1,0,3,4.74,Medium
macOS,20.4,1,1,15.6,1,0,0,0.33,Low
Windows,29.1,1,0,154.5,0,1,1,5.33,Medium
macOS,83.7,0,1,39.2,1,0,2,4.61,Medium
Windows,91.9,0,0,81.6,0,1,2,10.0,High
Windows,149.2,1,1,219.7,1,1,2,4.71,Medium
Windows,95.7,1,0,71.7,0,1,0,5.92,Medium
Windows,50.3,1,0,62.9,1,1,1,2.69,Low
Linux,56.6,0,1,31.3,1,0,2,4.1,Medium
Windows,166.9,0,0,65.8,0,0,2,9.77,High
Windows,66.7,1,1,44.2,1,0,0,1.65,Low
macOS,131.7,1,1,147.3,1,1,2,4.14,Medium
macOS,55.0,1,0,44.2,0,0,2,4.38,Medium
Windows,180.5,1,1,75.4,1,1,3,6.66,Medium
Windows,62.2,1,1,33.8,0,0,4,3.5,Low
Windows,61.0,1,1,5.7,1,0,1,1.36,Low
macOS,49.7,1,0,8.3,1,1,3,4.13,Medium
Windows,104.6,1,1,56.0,1,0,2,3.23,Low
Windows,49.4,0,1,23.6,0,0,4,6.21,Medium
Windows,140.4,0,1,85.0,1,0,3,7.47,High
macOS,40.9,1,1,24.3,1,0,0,1.41,Low
Windows,151.4,1,0,203.7,0,1,4,8.92,High
macOS,82.5,0,0,34.3,1,0,1,6.5,Medium
Windows,100.4,1,1,68.2,0,1,2,6.14,Medium
macOS,140.4,1,1,81.3,0,0,2,5.34,Medium
Windows,50.5,1,1,40.6,0,1,4,5.12,Medium
Windows,106.3,1,1,80.3,0,1,4,7.11,High
Windows,89.8,1,0,35.7,0,0,4,6.02,Medium
macOS,42.9,0,1,56.8,1,0,1,4.53,Medium
Linux,101.9,1,0,66.2,1,1,2,4.06,Medium
Windows,111.4,1,0,120.5,1,0,0,4.15,Medium
Windows,31.8,0,1,30.0,1,1,2,4.86,Medium
Linux,160.9,0,1,24.8,1,0,5,7.65,High
Windows,155.5,0,0,118.6,0,1,0,10.0,High
Windows,154.6,0,0,89.7,1,1,9,10.0,High
Windows,130.0,1,1,63.8,1,0,0,3.13,Low
macOS,65.2,1,1,37.0,1,1,2,3.69,Low
macOS,120.1,0,1,71.2,1,0,1,5.22,Medium
macOS,78.5,1,0,18.5,1,1,3,4.72,Medium
Linux,197.3,0,1,45.9,0,1,0,8.93,High
Windows,189.5,0,0,12.1,0,0,1,10.0,High
Windows,159.5,1,1,9.6,1,1,0,3.14,Low
Windows,42.7,1,1,19.1,1,0,0,1.09,Low
Windows,59.6,1,1,27.9,1,1,0,1.63,Low
Windows,8.8,1,1,22.7,0,0,1,2.0,Low
Windows,74.3,1,1,115.3,0,1,3,5.12,Medium
Windows,289.0,1,0,121.3,1,0,2,4.4,Medium
macOS,128.9,1,0,44.3,0,1,3,8.3,High
Windows,144.4,0,0,30.3,1,0,0,8.49,High
Windows,258.5,1,0,32.1,0,0,0,6.3,Medium
macOS,58.5,1,1,42.2,1,0,1,1.8,Low
macOS,108.0,1,1,49.6,1,0,2,4.11,Medium
macOS,173.5,0,1,151.7,1,1,4,7.85,High
macOS,135.4,0,1,168.1,0,1,3,10.0,High
macOS,149.6,0,0,32.2,1,1,1,8.41,High
Windows,120.1,1,1,28.8,0,1,2,5.78,Medium
Windows,82.8,0,1,69.8,0,0,1,6.06,Medium
macOS,119.8,1,0,109.1,1,1,3,5.66,Medium
Windows,80.0,1,1,46.8,1,0,1,2.43,Low
Windows,97.2,0,1,19.6,1,0,0,4.34,Medium
Windows,300.1,0,1,104.5,0,1,1,9.2,High
Windows,164.5,1,1,35.8,0,1,2,6.12,Medium
Windows,121.2,0,1,90.1,0,1,4,10.0,High
Windows,54.8,1,1,5.2,0,0,0,2.35,Low
macOS,37.4,1,1,3.8,1,0,0,0.23,Low
Linux,56.9,1,0,11.9,1,0,1,2.13,Low
Windows,69.2,1,1,22.5,1,0,2,2.07,Low
Linux,230.0,1,1,91.7,1,0,1,4.17,Medium
Windows,105.3,1,1,82.0,1,1,3,5.04,Medium
Linux,26.1,1,0,16.2,0,1,1,6.07,Medium
Linux,124.5,0,0,22.4,1,1,0,8.43,High
Windows,75.6,1,1,94.0,0,1,4,5.83,Medium
macOS,14.9,1,1,24.8,1,1,1,0.66,Low
Linux,163.5,1,0,127.8,1,1,1,5.85,Medium
Linux,358.4,1,0,121.2,0,1,2,8.03,High
Linux,247.9,0,0,24.0,1,1,3,10.0,High
macOS,255.2,1,0,51.6,0,1,1,7.47,High
Windows,28.8,1,1,4.9,1,1,1,0.77,Low
macOS,224.7,0,1,6.4,0,0,2,8.07,High
macOS,25.0,1,1,12.0,1,0,0,0.72,Low
macOS,37.6,1,0,46.1,1,0,1,2.96,Low
Windows,20.7,1,0,67.8,0,1,3,4.88,Medium
macOS,141.1,0,1,106.6,1,0,3,7.01,High
Windows,248.5,0,1,43.3,1,0,0,5.84,Medium
macOS,219.6,0,0,21.8,1,1,2,8.39,High
Windows,69.5,1,1,34.4,0,0,1,3.14,Low
macOS,136.3,1,1,24.3,1,0,4,3.94,Low
macOS,278.4,1,0,77.5,0,0,3,7.93,High
Windows,77.1,1,1,32.5,0,0,4,4.02,Medium
Windows,297.8,0,0,161.2,0,1,3,10.0,High
Windows,288.1,1,1,204.9,1,1,2,5.2,Medium
Linux,29.0,1,1,54.8,1,0,1,1.6,Low
macOS,66.1,0,1,150.3,1,1,4,6.31,Medium
Windows,105.5,1,1,2.8,1,0,1,2.86,Low
Windows,166.3,0,0,14.6,1,0,2,8.81,High
Windows,37.1,0,1,31.4,0,0,2,5.5,Medium
Windows,54.9,1,1,80.8,1,1,3,3.21,Low
Linux,51.6,1,1,68.5,1,0,2,2.99,Low
macOS,153.8,0,0,37.5,1,1,3,9.77,High
Windows,81.0,0,0,89.3,1,0,1,6.81,Medium
Linux,22.0,1,1,19.3,0,0,0,1.53,Low
Windows,20.7,1,1,14.3,1,0,1,0.53,Low
Linux,89.2,1,1,97.6,0,1,1,5.33,Medium
Windows,54.2,1,0,90.3,1,0,3,2.81,Low
macOS,112.8,0,1,80.8,0,0,2,7.27,High
Linux,180.6,0,0,51.0,1,0,3,10.0,High
Windows,96.6,1,1,58.6,0,0,1,4.19,Medium
macOS,159.4,1,1,59.0,0,1,1,6.85,Medium
Linux,87.8,1,0,10.1,1,1,1,4.57,Medium
Windows,17.9,1,1,14.7,1,0,0,0.68,Low
Windows,142.4,1,0,108.0,0,1,2,6.8,Medium
macOS,19.3,0,1,59.1,1,0,0,3.31,Low
Windows,51.1,1,1,17.8,1,0,2,1.23,Low
Windows,156.6,0,0,92.7,0,1,2,10.0,High
Windows,56.8,1,1,62.4,1,0,0,1.71,Low
macOS,100.4,1,0,19.4,1,1,0,3.47,Low
Windows,251.8,1,1,18.0,0,0,2,4.81,Medium
Windows,78.0,1,1,52.3,1,0,0,1.94,Low
macOS,51.4,0,1,54.8,0,1,1,6.89,Medium
Windows,41.2,1,0,7.4,1,0,0,2.03,Low
macOS,109.6,1,0,69.2,0,0,4,7.2,High
Windows,30.0,1,1,24.4,1,0,0,0.78,Low
Linux,155.4,0,1,58.6,0,1,1,9.01,High
macOS,61.7,1,1,60.4,1,1,1,3.0,Low
Windows,165.5,1,1,41.1,1,0,5,5.99,Medium
Linux,62.9,1,1,18.7,1,0,1,1.35,Low
Windows,105.9,1,1,23.1,1,0,1,2.91,Low
Windows,23.5,1,0,31.2,1,1,1,2.71,Low
Windows,72.4,0,1,104.2,1,0,3,4.95,Medium
macOS,78.4,0,1,37.8,1,0,0,4.73,Medium
Windows,217.5,0,0,239.9,0,1,1,10.0,High
Windows,104.0,0,0,30.8,1,0,1,7.57,High
Windows,116.6,1,1,29.6,0,0,2,4.17,Medium
Windows,248.2,0,1,72.2,0,1,2,9.7,High
Windows,111.4,1,0,19.4,1,0,1,3.49,Low
Windows,49.2,1,1,19.0,1,1,2,1.97,Low
Windows,79.1,0,0,31.1,0,1,5,10.0,High
Windows,489.6,1,0,112.2,1,0,2,5.3,Medium
macOS,26.4,0,1,1.8,1,0,2,3.91,Low
Windows,131.0,0,1,43.3,0,1,1,8.31,High
macOS,47.6,1,1,11.9,1,0,1,1.54,Low
Windows,239.9,0,1,76.1,1,1,1,7.25,High
Windows,99.2,1,1,28.3,1,0,2,3.05,Low
Windows,66.2,1,1,63.7,1,1,2,3.66,Low
Windows,84.5,1,0,51.6,0,1,1,5.9,Medium
Windows,34.3,1,0,96.2,1,1,5,3.03,Low
macOS,93.7,1,1,27.3,1,1,1,2.28,Low
Windows,114.1,0,1,28.2,0,0,3,8.35,High
Windows,35.2,0,0,14.5,0,1,1,9.15,High
macOS,81.2,0,1,30.1,1,1,1,4.6,Medium
Windows,165.1,0,1,53.1,1,0,2,7.17,High
Windows,53.2,0,0,24.2,1,0,1,6.42,Medium
Windows,249.3,1,0,90.3,0,0,9,8.16,High
Windows,82.6,1,1,72.1,0,0,0,3.65,Low
Windows,99.4,0,0,34.1,1,0,1,7.87,High
macOS,179.2,0,0,36.7,0,1,4,10.0,High
Linux,44.3,1,1,20.8,1,0,4,2.41,Low
Windows,15.9,1,0,23.5,0,0,0,3.51,Low
macOS,144.9,1,1,95.5,0,0,2,5.82,Medium
macOS,183.3,1,0,63.1,0,1,3,9.61,High
Windows,131.9,1,0,31.2,0,0,2,5.89,Medium
macOS,64.5,0,0,91.9,0,0,5,9.23,High
macOS,68.0,1,1,28.7,1,1,1,2.38,Low
Linux,111.0,1,1,15.2,1,0,2,2.32,Low
Linux,119.9,0,0,48.0,1,0,5,9.9,High
Windows,20.2,1,0,9.3,1,0,0,1.93,Low
Windows,123.1,0,0,105.7,1,1,0,8.59,High
Windows,87.4,0,0,48.2,0,1,1,10.0,High
Windows,203.4,1,1,68.2,0,0,1,5.93,Medium
Windows,56.5,1,1,16.9,1,0,1,1.85,Low
Linux,143.6,0,0,97.8,1,1,0,8.65,High
Windows,170.1,1,1,145.5,0,0,4,7.42,High
Windows,230.9,1,1,61.6,1,1,3,6.05,Medium
macOS,207.6,1,0,21.5,0,1,2,8.1,High
Windows,120.4,1,0,34.1,0,1,1,6.92,Medium
Windows,59.6,1,0,114.7,0,1,6,6.61,Medium
Linux,95.0,1,1,17.1,0,0,2,3.85,Low
Windows,197.6,0,0,250.5,1,1,4,10.0,High
Windows,282.5,0,0,182.7,0,1,3,10.0,High
Windows,169.6,0,1,28.7,0,0,0,7.3,High
Linux,192.7,1,1,22.7,0,1,2,7.04,High
Windows,51.8,1,0,69.1,1,0,2,2.93,Low
Windows,57.7,1,0,37.4,0,1,3,6.16,Medium
Windows,279.8,0,0,56.8,1,1,1,8.96,High
Windows,49.1,1,1,70.4,1,1,4,2.85,Low
Linux,208.3,0,0,19.4,1,1,1,9.11,High
Windows,133.1,1,1,28.9,0,0,1,3.85,Low
Linux,45.7,1,1,51.9,0,0,0,3.05,Low
Windows,267.9,0,1,84.6,1,0,2,6.55,Medium
Windows,164.7,0,1,75.7,1,1,2,6.71,Medium
Linux,41.9,1,1,195.8,1,1,0,3.01,Low
Windows,282.6,1,1,83.2,0,1,1,7.57,High
Windows,121.0,1,0,77.6,1,1,2,5.48,Medium
Linux,56.4,1,1,5.2,1,1,0,1.57,Low
Windows,69.9,1,1,17.2,1,1,0,1.9,Low
Windows,98.2,1,1,46.8,1,0,1,2.82,Low
Linux,106.4,0,1,28.1,1,0,0,4.89,Medium
Windows,109.0,0,1,77.4,1,0,0,5.12,Medium
Windows,136.6,0,0,74.8,0,0,8,10.0,High
Windows,49.3,0,0,43.8,1,0,0,6.54,Medium
Windows,43.8,1,1,23.8,1,0,2,0.93,Low
Windows,150.5,0,1,7.2,1,0,1,5.64,Medium
macOS,215.3,1,1,21.6,0,0,0,4.83,Medium
Windows,145.5,1,0,77.7,1,1,2,5.42,Medium
macOS,136.8,1,1,83.5,1,0,0,3.79,Low
Windows,81.9,1,0,58.7,0,1,3,6.71,Medium
Windows,58.1,1,0,75.9,0,0,1,3.79,Low
Windows,35.4,1,1,41.6,1,0,0,0.68,Low
macOS,337.7,0,1,87.6,0,0,0,7.29,High
Windows,24.3,0,1,32.4,1,1,1,3.84,Low
Windows,80.4,1,0,10.9,0,0,2,4.26,Medium
Linux,122.6,1,1,58.2,0,0,1,4.65,Medium
macOS,131.6,1,1,64.3,1,0,2,3.29,Low
Windows,67.4,1,1,27.5,1,1,2,2.29,Low
Linux,157.2,0,0,71.5,1,1,1,8.9,High
Windows,108.6,0,0,47.6,1,0,3,9.19,High
Windows,258.9,0,0,147.0,1,1,0,8.79,High
Windows,54.9,1,1,20.9,1,0,1,1.32,Low
Windows,85.2,1,1,3.9,1,0,1,1.92,Low
Windows,118.7,1,0,36.2,0,0,2,5.46,Medium
macOS,96.3,1,1,21.3,1,0,0,1.97,Low
Windows,122.9,0,1,151.8,0,0,3,8.86,High
macOS,97.2,1,1,12.5,1,0,0,1.56,Low
Linux,112.3,0,0,56.7,1,1,2,8.63,High
macOS,66.0,0,1,23.5,1,0,2,5.24,Medium
macOS,29.3,0,1,7.3,1,1,0,3.65,Low
macOS,107.5,0,1,37.3,1,0,3,6.39,Medium
Linux,107.7,1,0,6.0,1,0,3,4.64,Medium
Windows,35.8,1,1,27.0,1,1,0,1.34,Low
Windows,74.7,1,1,49.2,0,0,3,4.21,Medium
Windows,21.6,1,1,1.4,1,1,0,0.86,Low
Windows,107.1,1,1,123.8,1,1,0,3.28,Low
Windows,172.8,0,1,13.5,0,1,1,8.63,High
macOS,85.4,1,0,16.8,0,0,4,5.12,Medium
Windows,161.6,0,1,261.8,1,1,5,8.75,High
Linux,14.9,1,1,4.7,1,1,1,0.71,Low
Windows,284.0,1,0,99.3,1,0,3,6.54,Medium
Windows,59.2,1,1,59.9,1,1,0,2.51,Low
Windows,252.6,0,0,64.4,0,1,5,10.0,High
Windows,37.3,0,1,35.7,1,1,1,3.99,Low
Windows,99.3,0,0,106.6,1,1,4,9.86,High
Windows,71.3,1,0,143.1,0,1,4,6.81,Medium
Windows,48.8,1,0,41.1,1,1,1,3.07,Low
Windows,218.2,1,1,90.8,1,0,0,3.83,Low
Windows,39.6,1,1,3.3,1,0,1,1.49,Low
Windows,161.3,1,0,154.1,0,1,1,6.95,Medium
Windows,36.0,1,1,24.2,1,1,3,1.78,Low
Windows,93.3,0,0,184.1,0,1,3,10.0,High
Windows,426.4,0,1,135.8,0,1,3,10.0,High
Windows,115.7,0,0,27.7,0,0,3,10.0,High
Windows,62.8,1,1,29.7,1,1,1,2.86,Low
macOS,92.3,0,1,4.6,1,0,2,4.34,Medium
Linux,233.6,1,1,26.9,1,0,3,6.14,Medium
Linux,34.2,0,0,63.9,1,1,2,7.27,High
Windows,183.2,0,0,45.2,1,1,0,8.9,High
Windows,272.9,1,0,142.9,1,0,5,6.7,Medium
Windows,84.7,0,1,16.1,0,1,0,7.03,High
macOS,58.5,0,1,14.9,1,0,1,3.89,Low
macOS,192.9,0,0,43.0,0,0,0,9.53,High
macOS,38.8,0,1,43.8,1,1,1,4.15,Medium
Linux,31.2,1,1,89.5,1,0,0,0.84,Low
Windows,182.6,1,0,51.9,0,0,2,7.3,High
macOS,6.3,0,1,38.9,1,0,2,3.55,Low
macOS,56.1,1,1,24.3,1,0,1,1.44,Low
Windows,30.3,1,1,4.5,1,0,1,0.54,Low
Linux,82.6,0,1,126.7,1,1,1,5.25,Medium
Windows,65.7,1,0,101.6,1,1,5,3.68,Low
Linux,70.6,0,1,79.7,1,0,0,4.62,Medium
macOS,149.9,0,0,14.3,0,1,0,10.0,High
Windows,220.6,1,1,18.0,0,0,2,5.9,Medium
macOS,44.4,1,1,46.6,1,0,1,2.01,Low
Windows,20.8,0,1,23.7,1,1,1,4.12,Medium
macOS,137.7,0,0,15.4,1,1,4,10.0,High
macOS,32.5,0,0,35.8,1,0,2,6.32,Medium
macOS,81.1,1,0,34.0,1,1,2,3.41,Low
Linux,208.8,0,1,121.5,0,1,2,10.0,High
Windows,27.8,1,0,40.4,0,0,0,3.21,Low
Windows,277.3,1,0,43.1,1,0,0,4.76,Medium
Windows,146.1,0,0,193.0,0,1,3,10.0,High
Windows,84.4,0,1,125.7,0,1,1,8.26,High
Windows,61.1,1,1,69.4,1,1,3,3.43,Low
Windows,127.8,1,1,8.4,0,1,0,4.64,Medium
Windows,206.6,0,0,83.5,1,0,1,8.84,High
Windows,55.2,1,1,19.7,0,1,0,4.49,Medium
Linux,51.1,1,1,22.6,0,0,3,3.2,Low
Windows,117.1,0,0,114.7,1,0,1,7.68,High
Linux,109.0,1,1,60.5,1,0,0,3.22,Low
Windows,80.4,1,0,29.8,1,1,1,3.62,Low
Windows,181.4,0,0,70.3,1,1,2,9.47,High
Windows,13.4,0,0,4.7,1,1,1,6.65,Medium
Windows,73.4,1,1,75.7,1,0,1,2.0,Low
Windows,262.1,1,1,69.0,1,1,2,4.73,Medium
Windows,23.4,1,0,13.4,1,1,0,1.83,Low
Windows,77.5,1,1,15.2,1,0,1,2.61,Low
Windows,51.0,1,0,44.0,1,0,0,2.55,Low
macOS,64.9,1,0,101.9,0,0,0,4.57,Medium
Windows,49.0,1,1,28.4,1,1,1,1.52,Low
macOS,194.7,0,1,53.3,0,1,0,9.7,High
Windows,89.2,1,1,48.1,0,0,1,3.79,Low
Linux,236.5,0,0,121.3,0,1,3,10.0,High
macOS,61.7,1,1,40.8,0,0,4,3.83,Low
Linux,200.0,1,0,80.3,1,0,1,4.57,Medium
macOS,337.7,1,1,97.7,1,1,2,5.43,Medium
Windows,169.3,1,1,24.2,1,0,1,3.6,Low
Windows,154.1,0,1,30.9,1,0,0,5.13,Medium
Windows,20.4,1,1,7.9,1,0,2,0.22,Low
macOS,55.6,1,1,58.2,0,0,0,3.43,Low
macOS,22.2,1,1,73.0,1,0,1,1.48,Low
Windows,73.7,1,0,27.0,1,1,2,3.89,Low
Linux,69.5,1,1,16.9,1,0,2,1.98,Low
Windows,112.7,0,0,156.4,0,0,1,8.95,High
macOS,330.4,1,1,83.5,0,1,1,7.25,High
macOS,151.2,1,0,33.5,1,1,1,5.28,Medium
Windows,102.6,1,1,8.2,1,1,1,2.59,Low
macOS,22.5,0,0,15.6,0,0,0,7.41,High
macOS,195.7,0,0,62.6,1,0,0,8.83,High
Windows,182.1,1,1,73.8,1,1,3,6.73,Medium
Windows,304.8,1,0,107.5,1,1,2,4.81,Medium
Windows,70.2,0,0,189.4,0,1,3,9.88,High
macOS,59.6,0,1,8.9,1,1,2,4.71,Medium
Windows,13.8,1,1,4.5,1,0,0,1.15,Low
Linux,115.3,1,1,5.6,1,0,1,2.81,Low
Linux,29.2,1,0,78.1,1,1,3,3.7,Low
Windows,385.4,1,1,92.5,1,0,2,5.56,Medium
Windows,177.2,1,0,38.7,1,1,2,5.62,Medium
macOS,97.8,1,0,48.6,0,1,1,7.17,High
macOS,28.0,1,1,40.1,1,0,0,1.37,Low
Windows,144.2,1,0,25.5,1,0,1,3.97,Low
Windows,48.3,1,1,47.0,1,0,3,1.48,Low
Windows,7.7,1,1,9.7,1,0,0,0.19,Low
Linux,101.5,0,1,43.1,0,0,1,6.72,Medium
Windows,119.7,0,1,34.4,0,0,0,6.34,Medium
Linux,140.4,0,1,80.8,0,0,3,8.94,High
Windows,130.6,1,1,45.6,0,0,1,5.37,Medium
Linux,160.2,1,1,46.2,0,1,3,8.06,High
Windows,105.1,1,1,10.3,1,1,2,3.71,Low
Windows,135.6,1,1,146.3,1,0,1,3.82,Low
Linux,68.1,1,1,51.3,1,0,2,2.81,Low
Linux,153.1,1,1,24.1,1,1,2,3.89,Low
Windows,109.3,0,1,43.4,0,1,1,7.96,High
Windows,56.0,1,1,6.1,1,0,0,1.09,Low
Windows,17.3,1,1,63.4,1,1,2,2.07,Low
Windows,293.2,0,0,164.9,0,0,4,10.0,High
Windows,29.9,1,1,106.8,1,0,0,1.95,Low
Linux,133.8,1,0,46.0,1,1,0,5.46,Medium
Windows,109.8,0,1,14.0,0,1,1,7.28,High
macOS,117.6,0,0,99.8,0,0,1,9.09,High
Windows,113.2,1,1,27.8,0,1,2,6.03,Medium
Windows,195.7,0,0,190.6,0,1,0,10.0,High
macOS,58.2,1,1,12.5,0,0,0,2.1,Low
Windows,70.2,0,0,20.5,1,1,3,8.07,High
macOS,274.0,0,0,30.7,0,1,3,10.0,High
Windows,43.2,1,1,76.1,1,0,0,1.75,Low
Linux,67.3,0,1,24.9,1,0,1,4.86,Medium
macOS,63.4,1,0,75.2,0,1,2,6.21,Medium
Linux,66.9,0,1,37.3,0,0,2,6.2,Medium
Windows,100.4,1,0,70.1,1,0,2,4.38,Medium
Windows,71.4,0,1,28.0,0,1,1,7.04,High
Windows,44.7,0,1,18.2,1,0,2,4.0,Medium
Windows,63.5,1,1,131.6,0,0,1,3.56,Low
Windows,147.1,1,1,133.2,1,0,0,3.83,Low
Windows,198.8,1,0,15.2,1,1,1,4.97,Medium
Windows,165.8,0,1,54.8,0,1,2,9.01,High
Windows,158.7,1,1,82.7,0,1,2,6.93,Medium
Windows,240.4,0,1,90.7,0,0,1,8.34,High
Windows,78.1,1,0,21.6,1,0,1,3.95,Low
Windows,68.1,1,1,47.2,0,0,3,3.56,Low
macOS,154.0,0,1,35.9,0,0,4,8.95,High
Windows,118.5,1,1,35.6,1,0,2,3.14,Low
Windows,220.3,0,1,43.2,0,1,2,8.99,High
Windows,286.9,1,1,52.5,0,1,3,8.19,High
macOS,99.3,0,1,39.8,1,1,2,4.94,Medium
Windows,203.3,1,1,32.3,0,0,0,5.31,Medium
macOS,114.3,1,0,82.4,1,1,0,3.81,Low
Linux,66.7,1,1,18.8,1,1,1,2.66,Low
Windows,217.5,0,1,53.3,0,1,1,9.57,High
Linux,186.4,0,0,20.2,0,1,1,10.0,High
macOS,104.6,1,1,27.4,1,0,3,3.67,Low
Windows,112.9,1,1,7.5,1,0,0,2.27,Low
Windows,44.3,1,1,1.7,0,0,0,2.11,Low
macOS,105.4,1,1,5.8,1,1,0,2.68,Low
Linux,294.8,1,1,55.9,1,0,1,4.7,Medium
Windows,55.2,1,0,8.7,1,1,2,3.18,Low
Windows,118.0,0,1,58.2,0,0,2,7.0,Medium
macOS,152.4,1,1,34.5,1,1,0,4.24,Medium
Windows,171.4,0,0,70.5,1,1,2,9.9,High
macOS,29.4,1,1,3.6,0,0,0,1.59,Low
Windows,42.5,1,1,8.3,1,0,2,0.94,Low
macOS,149.5,1,0,38.9,1,0,2,4.32,Medium
Linux,23.4,0,1,8.8,1,0,2,3.44,Low
macOS,124.4,1,1,60.1,0,1,0,5.36,Medium
macOS,104.2,0,1,51.3,0,0,1,6.64,Medium
macOS,137.6,1,1,45.0,1,1,2,4.01,Medium
macOS,104.3,0,0,36.6,1,1,3,9.21,High
Linux,106.8,1,1,178.0,1,0,2,3.23,Low
Windows,210.0,1,0,39.5,0,0,3,7.94,High
macOS,165.6,1,0,98.8,0,1,2,7.6,High
Windows,68.9,1,1,43.7,1,1,2,3.45,Low
Linux,169.8,1,0,40.8,0,0,2,6.26,Medium
macOS,169.6,0,0,11.7,0,0,2,10.0,High
Windows,146.6,0,1,92.6,0,1,0,8.47,High
Windows,25.9,1,1,30.6,1,0,0,1.31,Low
Windows,212.5,0,0,151.5,0,0,2,9.95,High
macOS,174.6,1,0,18.9,1,1,2,5.66,Medium
Windows,88.5,0,1,105.3,0,0,1,6.11,Medium
Windows,29.9,1,1,56.4,0,0,2,2.49,Low
Linux,279.8,1,1,78.7,0,0,2,5.63,Medium
macOS,178.6,0,1,23.4,0,1,3,10.0,High
Windows,24.8,0,1,22.3,0,1,0,6.19,Medium
Windows,304.4,0,0,204.0,1,1,5,10.0,High
Linux,197.7,1,1,16.5,1,0,1,2.82,Low
macOS,154.9,1,1,4.4,1,0,1,2.22,Low
macOS,12.6,1,1,13.5,1,1,0,0.99,Low
Windows,65.8,1,1,68.7,1,1,0,2.76,Low
Windows,53.8,1,0,100.1,1,1,4,3.93,Low
Windows,339.0,1,0,121.0,0,1,2,7.83,High
macOS,130.6,1,0,55.2,1,0,3,5.75,Medium
Windows,278.9,0,0,140.8,1,1,2,8.76,High
Windows,88.8,0,0,106.3,0,0,0,7.57,High
macOS,57.5,1,0,29.9,1,0,0,2.04,Low
Linux,120.4,1,1,75.1,0,0,3,6.07,Medium
macOS,124.9,1,1,77.0,0,1,0,6.23,Medium
Windows,52.5,1,1,50.6,0,0,1,2.89,Low
Windows,116.8,0,0,96.7,1,1,2,8.02,High
Windows,65.9,1,1,36.4,0,0,1,3.57,Low
Windows,103.9,0,1,7.1,1,1,2,5.09,Medium
Windows,303.7,0,1,86.8,1,1,2,7.47,High
Windows,153.9,1,1,31.0,0,1,2,6.44,Medium
macOS,163.7,0,0,19.3,0,0,1,9.41,High
Linux,159.6,1,0,140.5,1,0,1,5.35,Medium
Linux,96.8,0,1,42.9,0,1,2,7.61,High
Windows,78.9,1,0,74.3,0,1,0,6.56,Medium
Windows,60.2,0,1,14.6,1,0,2,4.31,Medium
Windows,62.3,0,0,31.4,0,1,2,9.82,High
Windows,65.0,1,0,54.7,0,0,3,4.16,Medium
Windows,129.9,0,0,56.4,0,1,1,10.0,High
Windows,142.7,0,0,43.2,0,0,1,9.5,High
macOS,279.1,0,0,107.1,0,0,1,10.0,High
Windows,17.8,1,1,56.5,1,0,2,1.04,Low
Linux,134.1,1,1,8.1,1,0,1,3.06,Low
Windows,26.7,1,1,98.3,0,0,1,3.34,Low
Windows,83.6,0,1,63.2,1,0,1,4.3,Medium
Windows,140.8,0,0,78.8,1,1,1,8.36,High
Windows,40.3,1,1,8.8,1,0,1,0.93,Low
Windows,59.6,0,1,17.2,0,0,2,5.65,Medium
Linux,150.1,1,1,89.9,1,1,1,4.33,Medium
Windows,4.8,1,1,7.8,0,0,2,1.97,Low
Windows,129.0,1,1,159.5,1,0,0,3.39,Low
macOS,113.0,1,1,122.6,0,1,0,6.46,Medium
Windows,172.4,1,1,25.2,1,0,3,5.02,Medium
macOS,118.9,1,0,24.0,1,0,0,4.13,Medium
Windows,119.1,1,1,15.5,0,1,1,6.05,Medium
macOS,283.4,0,0,150.4,0,0,4,10.0,High
Windows,61.9,0,1,43.0,0,0,1,6.01,Medium
Windows,24.7,0,1,18.8,1,0,1,3.58,Low
macOS,26.7,0,1,46.3,1,0,1,3.94,Low
Linux,152.3,1,0,78.4,0,1,0,7.78,High
Windows,146.2,1,1,33.5,0,0,0,4.35,Medium
macOS,127.2,1,1,254.6,1,1,3,5.21,Medium
Windows,114.8,0,0,91.0,0,1,1,10.0,High
Windows,92.8,1,1,87.2,0,1,2,6.73,Medium
Windows,26.8,0,1,32.4,1,0,2,4.38,Medium
macOS,24.2,1,0,11.2,1,1,1,2.49,Low
Windows,239.3,1,1,33.6,1,1,0,3.72,Low
macOS,64.2,1,1,12.2,1,0,0,1.24,Low
Windows,122.4,0,1,126.5,0,1,4,10.0,High
Linux,57.2,0,1,13.9,0,1,2,6.93,Medium
macOS,73.0,1,1,25.4,0,0,0,2.46,Low
Windows,249.3,0,0,24.8,1,1,0,8.8,High
Windows,68.2,1,1,41.8,1,0,0,2.33,Low
Windows,345.0,0,0,33.7,1,1,2,9.74,High
Linux,237.3,0,1,129.6,0,1,2,9.42,High
Windows,47.0,0,1,58.6,1,1,1,5.2,Medium
Windows,30.4,1,1,114.3,1,0,1,2.03,Low
Windows,122.4,0,1,23.8,0,1,0,8.62,High
macOS,87.5,1,0,86.5,1,1,2,3.97,Low
Windows,155.6,1,0,45.1,1,1,1,4.8,Medium
Windows,92.8,1,1,23.9,1,1,1,2.65,Low
Linux,60.3,0,0,123.0,1,1,1,7.54,High
Windows,111.2,0,1,29.8,1,0,1,4.52,Medium
macOS,85.4,1,1,42.9,1,1,1,2.86,Low
Windows,66.7,1,1,2.2,0,1,2,4.43,Medium
Windows,69.6,1,1,23.0,0,0,1,3.71,Low
Linux,40.2,0,1,40.7,0,0,5,5.91,Medium
macOS,89.4,1,0,18.2,0,0,2,4.93,Medium
macOS,112.3,0,0,130.0,0,1,3,10.0,High
Windows,12.5,1,1,25.4,1,0,3,0.96,Low
Windows,134.1,1,0,103.6,1,0,4,5.57,Medium
Windows,31.4,1,0,32.1,1,0,1,3.11,Low
Windows,199.0,1,0,123.1,0,1,11,9.92,High
Windows,51.7,0,0,64.4,0,1,1,9.81,High
Windows,77.3,1,1,37.4,1,0,2,2.63,Low
Windows,38.3,1,0,62.9,1,0,1,2.43,Low
Windows,163.2,1,0,63.7,1,1,2,5.16,Medium
Windows,97.7,1,1,58.7,0,0,0,3.79,Low
Windows,56.1,0,1,91.5,1,1,2,4.9,Medium
Linux,143.2,1,1,84.4,1,0,1,3.35,Low
macOS,16.3,1,1,6.2,1,0,2,0.47,Low
Windows,103.8,0,1,61.0,1,0,2,5.86,Medium
macOS,144.4,1,0,30.6,1,0,3,5.48,Medium
macOS,223.1,0,0,111.5,0,0,2,10.0,High
Windows,55.2,0,1,92.1,0,1,2,7.78,High
Windows,15.4,1,1,37.8,1,0,1,1.31,Low
Windows,160.7,1,1,89.7,1,1,3,6.05,Medium
Windows,139.4,1,1,1.5,1,0,1,2.87,Low
macOS,55.2,0,0,25.6,0,0,1,7.81,High
Linux,169.1,0,1,31.1,1,0,4,7.44,High
Windows,85.7,1,1,44.6,1,0,2,2.41,Low
macOS,168.7,0,1,130.9,1,1,4,8.17,High
Windows,37.0,1,1,50.3,0,0,0,3.0,Low
macOS,56.0,1,1,8.2,1,0,1,0.92,Low
macOS,97.9,1,1,51.6,1,0,0,2.78,Low
Windows,8.2,1,1,0.2,1,1,0,0.92,Low
Windows,70.9,1,1,91.7,0,0,2,4.06,Medium
macOS,24.2,0,1,10.4,1,0,0,2.78,Low
Linux,19.9,1,1,42.8,1,0,0,0.66,Low
Windows,87.9,1,0,100.9,1,0,5,3.87,Low
Windows,229.6,1,0,169.5,1,1,1,5.13,Medium
Windows,166.2,0,1,37.2,0,0,3,9.01,High
macOS,131.5,1,1,98.5,0,0,0,4.59,Medium
macOS,121.7,0,1,67.9,1,0,2,6.63,Medium
macOS,73.3,0,1,20.3,1,1,2,5.65,Medium
macOS,158.5,1,1,76.4,0,0,3,7.43,High
Linux,58.5,1,1,27.0,1,1,5,2.87,Low
macOS,207.4,1,0,133.2,0,1,3,8.73,High
Windows,347.9,0,0,109.2,1,1,1,9.37,High
macOS,76.6,0,1,74.0,0,0,4,6.76,Medium
Windows,15.0,0,1,26.3,0,1,1,6.08,Medium
Windows,50.1,1,0,130.4,1,1,2,3.56,Low
Linux,54.4,1,1,53.3,0,0,3,4.05,Medium
macOS,45.0,0,0,114.8,0,0,1,7.09,High
Linux,58.6,1,0,151.9,1,1,0,3.66,Low
Windows,130.1,1,1,78.0,1,1,0,4.1,Medium
Windows,67.3,1,1,49.4,1,1,3,2.81,Low
Windows,16.7,0,1,63.4,1,0,1,4.15,Medium
Windows,205.0,1,0,56.0,1,1,3,6.9,Medium
Windows,240.6,1,0,59.5,1,1,1,5.51,Medium
Windows,90.1,0,0,38.1,1,1,1,7.64,High
Windows,77.5,0,1,61.1,1,0,0,4.39,Medium
Linux,47.9,1,0,182.6,1,0,1,2.15,Low
Windows,160.4,0,0,115.6,1,0,2,9.74,High
Windows,100.7,1,0,27.0,1,0,0,3.64,Low
macOS,112.5,1,0,31.0,1,0,3,5.36,Medium
Windows,74.8,1,0,57.1,1,1,3,4.75,Medium
Linux,36.3,1,1,53.1,1,1,3,1.87,Low
macOS,15.0,1,1,49.2,1,0,3,1.51,Low
Windows,102.5,0,0,62.6,1,0,1,7.18,High
macOS,226.0,0,1,47.3,1,0,0,6.11,Medium
macOS,115.8,1,0,161.8,0,1,5,8.57,High
macOS,212.4,1,1,16.3,1,0,1,3.47,Low
macOS,76.5,1,0,37.8,0,1,1,5.25,Medium
macOS,21.1,1,0,34.6,1,1,1,2.27,Low
macOS,116.9,1,1,26.9,1,0,0,2.11,Low
Windows,132.6,0,0,112.6,0,1,1,10.0,High
macOS,71.5,1,0,23.4,1,1,4,3.79,Low
Linux,43.0,0,1,28.4,1,0,3,4.12,Medium
macOS,41.3,1,1,32.8,1,0,1,1.37,Low
macOS,117.5,0,0,64.4,1,1,3,8.83,High
Windows,99.6,1,1,45.0,0,0,1,3.62,Low
macOS,161.1,1,0,23.4,1,0,1,4.75,Medium
Linux,321.5,0,0,153.6,0,1,2,10.0,High
Windows,147.7,1,1,29.5,1,0,5,4.47,Medium
Windows,149.6,0,1,31.1,1,0,6,7.95,High
Windows,123.1,1,1,104.0,0,0,2,5.13,Medium
Windows,515.0,1,0,92.9,0,0,2,7.53,High
macOS,35.0,1,0,79.6,0,1,2,6.13,Medium
Windows,31.4,1,1,132.1,0,1,1,4.12,Medium
Windows,62.8,1,1,51.8,0,1,2,5.04,Medium
macOS,46.1,1,1,8.2,0,1,0,3.76,Low
macOS,107.6,1,1,11.3,1,0,1,2.79,Low
macOS,184.3,0,0,199.5,1,1,5,10.0,High
macOS,278.9,1,0,179.2,0,1,4,10.0,High
macOS,135.8,1,1,49.4,1,0,0,3.27,Low
macOS,109.6,1,1,38.0,0,0,1,3.8,Low
macOS,161.2,0,1,78.2,1,1,2,6.59,Medium
Windows,58.5,1,1,58.7,1,0,0,2.33,Low
macOS,84.2,1,1,1.8,1,1,2,2.81,Low
Windows,4.0,1,1,8.0,1,1,0,1.13,Low
Windows,46.0,1,1,46.2,1,0,0,0.48,Low
Windows,190.9,0,0,23.8,1,1,2,9.45,High
Linux,10.6,1,1,34.9,1,0,0,1.21,Low
macOS,53.9,1,1,25.0,1,1,0,1.26,Low
Windows,95.1,1,0,57.4,0,0,1,5.12,Medium
macOS,182.2,0,0,96.1,0,1,2,10.0,High
Windows,56.3,1,1,17.8,1,0,1,1.09,Low
macOS,137.0,1,1,27.2,1,1,2,3.45,Low
macOS,42.1,1,1,10.8,0,0,0,2.94,Low
macOS,145.0,1,0,32.2,1,1,2,5.44,Medium
macOS,37.2,1,0,81.7,1,1,2,3.11,Low
Windows,125.5,0,1,130.9,0,0,5,9.91,High
Windows,152.4,1,0,80.3,0,1,3,8.09,High
Linux,35.8,1,1,58.9,0,1,0,4.06,Medium
macOS,132.8,0,0,219.8,0,1,2,10.0,High
Windows,15.3,1,1,42.5,1,0,3,1.44,Low
Windows,61.0,0,1,90.7,1,0,0,4.3,Medium
Windows,53.1,0,0,70.2,0,1,1,9.3,High
Windows,395.2,1,0,49.5,1,0,4,6.52,Medium
Windows,255.9,1,1,43.9,0,1,4,8.93,High
Windows,34.5,1,1,8.0,1,1,0,0.9,Low
Linux,189.5,0,1,27.4,1,1,1,7.79,High
Windows,32.4,0,0,26.8,1,0,2,5.81,Medium
Windows,91.2,1,1,23.2,0,1,0,5.45,Medium
Windows,138.0,0,1,47.1,1,0,3,7.59,High
Windows,33.1,1,1,18.6,1,1,0,1.09,Low
macOS,147.5,1,0,21.2,1,1,3,6.53,Medium
Windows,128.5,1,1,130.3,1,0,2,3.92,Low
macOS,110.0,1,0,18.9,0,0,2,5.61,Medium
macOS,199.7,1,0,175.3,0,1,1,7.04,High
Windows,129.8,1,1,36.3,1,1,0,3.51,Low
macOS,71.4,1,1,22.6,1,1,0,1.55,Low
Linux,64.4,1,0,50.1,0,0,2,4.96,Medium
Windows,54.3,1,1,35.3,1,1,0,2.42,Low
Windows,4.4,1,0,11.5,1,1,3,2.23,Low
Linux,68.5,1,1,37.9,1,1,1,1.7,Low
Linux,66.9,1,0,33.1,0,0,0,4.07,Medium
Windows,17.3,1,1,1.5,1,0,0,0.23,Low
macOS,205.5,1,0,47.8,1,1,0,5.3,Medium
Windows,109.9,0,1,243.2,0,1,2,8.62,High
macOS,50.2,1,1,30.4,1,1,3,2.39,Low
Windows,117.4,1,1,20.1,0,1,2,5.63,Medium
Windows,175.0,1,0,27.5,1,1,3,6.58,Medium
macOS,133.4,0,1,238.2,0,1,4,9.96,High
Linux,96.6,1,0,60.1,1,1,1,4.26,Medium
macOS,40.3,1,1,30.1,1,1,3,2.48,Low
Windows,38.4,1,1,71.5,1,1,0,1.94,Low
Windows,155.4,1,1,40.2,1,1,2,3.84,Low
Linux,156.6,0,1,63.9,0,0,0,8.1,High
Linux,18.5,1,1,35.0,0,1,0,4.34,Medium
Windows,345.5,0,0,138.7,0,1,5,10.0,High
macOS,64.4,0,1,23.5,1,0,1,4.35,Medium
Windows,71.5,1,1,16.9,1,0,1,1.29,Low
Windows,308.8,1,1,93.7,0,0,0,6.01,Medium
Windows,165.7,1,0,13.3,1,1,2,5.68,Medium
Windows,208.8,0,1,49.7,0,0,1,7.54,High
Windows,48.3,0,1,32.6,1,1,1,4.73,Medium
macOS,50.8,1,0,2.4,1,0,0,2.3,Low
Windows,139.2,0,1,28.4,0,1,3,10.0,High
Windows,20.8,0,0,19.4,1,1,0,6.73,Medium
Windows,77.0,0,1,6.3,1,0,1,4.27,Medium
Windows,154.4,0,1,150.8,1,1,1,6.41,Medium
Windows,118.3,1,1,15.9,1,0,3,4.29,Medium
macOS,31.7,1,1,124.0,0,0,2,3.49,Low
Windows,58.2,1,1,15.9,1,0,3,1.59,Low
macOS,28.6,1,1,33.1,0,0,2,2.67,Low
Linux,152.5,1,1,77.8,1,1,1,5.07,Medium
Windows,63.6,1,1,14.5,0,1,3,5.41,Medium
Linux,13.0,1,1,51.0,1,0,0,0.78,Low
Linux,178.3,1,0,236.8,1,0,0,3.96,Low
macOS,116.9,0,1,24.2,1,1,1,6.13,Medium
macOS,117.8,1,1,43.1,0,1,1,6.59,Medium
macOS,354.0,1,1,56.4,0,1,1,7.68,High
macOS,102.8,0,1,127.6,1,1,3,7.19,High
macOS,141.6,0,1,42.9,0,0,2,7.63,High
Windows,74.9,1,0,7.4,1,1,0,3.06,Low
Linux,290.1,1,0,24.8,1,0,1,5.43,Medium
macOS,21.0,0,0,19.4,1,0,3,6.14,Medium
macOS,159.5,1,0,20.2,1,0,1,4.38,Medium
Windows,166.7,1,1,63.8,0,1,1,6.83,Medium
Windows,156.1,1,1,172.8,1,0,1,3.65,Low
Windows,273.6,0,0,29.4,0,1,3,10.0,High
Windows,262.0,0,0,116.5,0,1,1,10.0,High
Windows,132.2,1,0,63.2,0,1,1,7.99,High
Windows,120.7,1,0,48.0,1,1,1,4.67,Medium
Windows,126.6,1,1,27.9,1,0,1,2.73,Low
Windows,71.5,1,1,39.2,1,1,1,2.17,Low
Windows,57.9,1,1,13.0,1,0,2,1.5,Low
Linux,107.8,1,0,23.4,0,0,3,6.53,Medium
Windows,177.4,0,0,107.4,0,1,3,10.0,High
Windows,157.7,1,0,74.5,0,1,1,7.21,High
Windows,91.8,1,1,29.0,1,1,0,2.24,Low
Windows,361.2,0,0,53.3,0,0,8,10.0,High
Windows,124.0,1,1,9.8,1,0,2,3.32,Low
macOS,237.1,0,1,36.1,0,1,0,8.6,High
Linux,44.7,1,1,54.7,0,0,1,3.2,Low
Windows,124.0,0,0,48.5,0,0,2,8.68,High
macOS,89.2,0,0,57.9,0,1,2,9.97,High
Windows,102.3,0,1,13.2,0,1,1,8.2,High
Windows,256.3,1,1,88.9,1,1,1,5.28,Medium
Windows,346.7,0,0,88.1,1,1,8,10.0,High
Windows,168.0,0,1,15.7,1,1,0,5.66,Medium
macOS,63.8,1,0,78.4,1,0,3,3.06,Low
macOS,42.4,0,0,10.8,0,0,1,7.55,High
macOS,32.2,1,0,47.7,1,1,3,3.68,Low
Windows,348.7,1,0,54.9,0,1,2,8.52,High
macOS,25.3,1,1,18.8,1,0,0,0.74,Low
Windows,34.6,0,0,26.6,1,0,1,6.58,Medium
Windows,120.6,1,1,82.8,0,0,1,4.35,Medium
Windows,21.8,1,1,13.5,1,1,0,1.22,Low
macOS,31.5,1,1,27.0,1,0,4,2.19,Low
Linux,172.1,0,0,65.7,0,0,0,10.0,High
Windows,104.6,0,1,25.4,1,1,1,4.88,Medium
macOS,38.4,1,1,81.1,0,0,3,4.17,Medium
macOS,72.4,1,0,183.6,1,0,1,4.06,Medium
macOS,92.3,1,1,6.7,1,1,1,1.88,Low
Windows,27.2,1,1,72.6,0,0,1,2.36,Low
macOS,88.0,1,1,19.1,1,0,0,2.51,Low
macOS,107.4,0,0,65.7,0,1,2,10.0,High
Linux,29.1,1,1,7.9,1,0,3,1.17,Low
Windows,160.4,0,1,94.6,1,1,2,7.55,High
Linux,398.3,1,0,185.0,1,1,3,6.67,Medium
Windows,31.4,1,1,82.7,0,0,0,3.0,Low
macOS,164.9,0,0,80.6,1,1,0,8.32,High
Windows,102.4,0,1,44.3,1,1,2,6.17,Medium
Windows,63.9,1,1,73.8,1,0,3,3.01,Low
Windows,178.8,0,0,82.9,0,1,2,10.0,High
Windows,30.9,0,0,46.5,0,0,4,8.19,High
Windows,80.5,1,1,25.5,0,1,1,4.84,Medium
Windows,16.0,1,1,32.4,1,0,0,0.74,Low
Windows,128.6,1,1,43.3,1,0,0,2.94,Low
Windows,134.1,1,1,18.6,1,1,1,3.75,Low
macOS,49.2,1,1,10.2,1,1,0,0.85,Low
Linux,98.4,0,0,72.4,1,0,4,9.82,High
macOS,229.0,1,0,64.6,0,1,3,9.41,High
Windows,79.4,0,0,102.3,1,1,0,8.25,High
Windows,363.8,0,0,67.1,1,1,1,9.44,High
Linux,156.5,0,0,26.6,1,1,1,8.92,High
Windows,93.2,1,1,140.8,0,1,3,7.34,High
Windows,37.5,1,1,8.4,0,1,1,3.33,Low
Linux,74.7,1,1,58.0,0,0,1,3.41,Low
Linux,19.8,1,1,100.5,1,1,2,2.11,Low
Windows,183.3,1,0,83.0,1,1,2,5.77,Medium
macOS,140.1,0,1,167.8,1,1,1,6.94,Medium
Windows,61.9,1,1,11.5,1,0,1,1.54,Low
macOS,79.4,1,1,147.7,1,0,1,3.13,Low
Windows,255.9,0,0,86.8,0,1,3,10.0,High
Windows,116.4,1,0,9.8,1,1,5,7.03,High
macOS,269.6,0,0,35.6,0,1,6,10.0,High
Windows,203.7,0,1,92.7,0,1,4,10.0,High
macOS,87.2,1,0,50.3,0,1,1,6.67,Medium
Windows,62.5,1,1,58.4,0,1,2,4.7,Medium
Linux,30.3,1,1,56.5,1,1,1,2.7,Low
macOS,109.5,1,0,22.8,1,0,1,4.08,Medium
Windows,53.5,0,0,48.6,1,1,2,8.0,High
macOS,217.5,0,0,43.9,1,0,2,9.07,High
Windows,62.1,1,1,17.5,1,1,3,2.5,Low
Windows,20.3,0,1,45.7,1,0,1,3.39,Low
Windows,120.3,1,1,16.9,1,0,2,2.55,Low
Linux,43.1,0,1,72.3,0,1,4,7.68,High
macOS,158.7,0,1,44.2,1,0,3,7.85,High
Linux,121.1,0,0,32.4,1,1,2,8.79,High
Linux,153.6,0,1,154.3,1,1,4,8.06,High
Linux,212.4,0,1,245.3,1,0,3,8.19,High
Windows,127.0,1,1,57.5,1,1,2,4.15,Medium
Linux,58.2,1,0,22.8,1,1,0,2.31,Low
macOS,179.1,1,1,21.6,1,1,1,4.59,Medium
Windows,127.2,0,0,18.7,1,1,1,8.29,High
macOS,82.4,1,1,34.6,1,0,0,2.02,Low
Windows,46.0,1,1,33.9,1,0,4,2.74,Low
Windows,37.2,1,1,23.8,0,0,1,2.25,Low
Windows,173.2,1,1,124.5,0,1,1,6.66,Medium
Windows,70.0,0,1,17.3,1,1,0,3.52,Low
Windows,83.4,1,1,6.0,0,0,2,3.37,Low
Linux,107.0,1,0,21.3,1,1,1,4.67,Medium
macOS,123.2,0,0,39.8,1,0,0,6.77,Medium
Windows,54.7,0,1,20.9,0,1,0,6.1,Medium
Windows,86.8,0,1,31.8,0,0,2,6.31,Medium
Windows,44.5,0,1,181.6,1,1,3,5.03,Medium
Windows,209.0,1,1,156.9,0,0,4,7.25,High
macOS,105.3,0,1,49.9,0,0,0,6.51,Medium
Windows,152.5,1,1,31.9,1,0,2,4.35,Medium
macOS,343.1,1,1,231.5,1,1,2,5.04,Medium
macOS,109.4,1,0,33.3,1,1,2,4.57,Medium
macOS,281.2,1,0,126.9,1,1,0,5.52,Medium
Linux,421.9,1,0,219.1,0,0,3,7.15,High
Windows,101.5,1,1,29.5,0,1,0,5.2,Medium
Linux,18.1,1,1,66.6,1,0,1,0.83,Low
macOS,189.1,1,1,18.0,1,0,1,3.71,Low
macOS,245.9,0,1,71.1,1,1,4,9.36,High
macOS,110.3,1,0,183.1,0,1,2,6.62,Medium
macOS,115.1,1,1,48.0,1,0,1,3.42,Low
Linux,236.2,0,1,41.6,0,1,4,10.0,High
Windows,89.7,1,1,80.0,0,1,1,5.63,Medium
macOS,42.1,0,0,135.9,1,0,2,6.69,Medium
macOS,254.8,0,1,78.3,0,1,4,10.0,High
Windows,66.5,1,1,7.4,0,1,0,4.32,Medium
Linux,142.3,1,1,20.8,1,0,0,1.67,Low
Windows,49.5,1,0,15.0,0,0,0,3.97,Low
macOS,30.4,1,1,20.4,0,1,1,4.05,Medium
Windows,39.6,1,1,41.0,1,0,0,1.17,Low
Windows,47.0,1,0,6.7,1,1,0,3.03,Low
macOS,108.5,1,1,149.6,0,0,2,5.56,Medium
Windows,308.6,1,0,72.1,1,0,3,6.31,Medium
Windows,47.5,1,1,28.3,0,0,0,2.23,Low
Windows,298.0,1,1,54.4,1,0,0,4.86,Medium
Windows,131.9,1,1,51.2,0,0,1,4.81,Medium
macOS,105.0,1,1,73.8,1,0,2,3.65,Low
Linux,196.4,1,0,35.0,1,0,3,5.87,Medium
Windows,110.2,0,0,136.9,0,0,3,9.49,High
macOS,105.9,1,1,15.5,1,1,2,2.68,Low
Windows,190.8,1,1,77.7,1,1,2,4.94,Medium
macOS,121.8,1,1,22.6,1,0,0,2.31,Low
Windows,50.7,0,1,121.1,0,1,2,7.2,High
Windows,118.3,1,1,34.0,1,1,3,4.08,Medium
Windows,48.3,1,0,219.7,1,0,3,3.16,Low
macOS,161.3,1,0,38.1,1,1,5,6.97,Medium
Windows,69.2,1,1,5.7,1,0,3,1.05,Low
Windows,73.8,0,1,40.1,1,0,1,4.4,Medium
macOS,198.5,1,1,65.4,1,1,0,4.56,Medium
macOS,60.8,1,1,26.7,1,0,0,1.91,Low
Windows,113.8,0,0,28.7,0,1,2,10.0,High
macOS,48.6,1,0,23.0,1,0,1,3.06,Low
Linux,107.7,1,1,7.9,1,1,0,2.89,Low
Windows,117.3,1,0,51.0,0,0,1,4.97,Medium
macOS,279.5,1,0,28.6,0,0,2,6.88,Medium
Windows,159.6,1,0,102.1,0,1,3,9.4,High
macOS,85.4,0,0,25.5,0,0,2,9.16,High
Windows,61.9,0,1,17.3,1,0,2,4.31,Medium
macOS,185.1,1,0,58.8,1,0,5,6.86,Medium
Windows,402.6,1,1,81.9,1,0,2,3.96,Low
Windows,234.5,0,0,3.4,1,0,3,10.0,High
Linux,85.5,0,0,65.1,0,1,1,9.34,High
Windows,48.3,0,1,100.4,1,1,2,5.0,Medium
Linux,114.0,0,0,84.2,0,1,3,10.0,High
Linux,54.9,1,1,41.8,1,1,0,1.71,Low
Linux,10.1,1,0,46.3,1,0,1,1.98,Low
Windows,68.7,1,1,21.9,1,1,2,1.82,Low
macOS,129.2,1,1,11.8,0,0,0,3.73,Low
Windows,95.1,1,1,81.8,0,1,0,4.99,Medium
Windows,133.3,1,1,50.6,1,1,1,3.52,Low
Linux,141.4,0,0,18.2,0,0,2,9.94,High
macOS,81.4,0,0,214.3,0,1,0,9.91,High
Windows,85.7,1,1,80.8,1,0,1,2.4,Low
Windows,106.6,0,0,44.6,0,1,4,10.0,High
macOS,59.2,1,0,103.6,0,1,1,5.47,Medium
macOS,40.2,0,1,47.5,1,0,2,4.09,Medium
Windows,16.2,1,0,23.9,1,0,2,1.83,Low
Linux,27.9,1,1,59.8,0,1,0,3.99,Low
Windows,53.8,0,1,35.5,1,1,2,4.0,Medium
Windows,72.9,0,0,51.5,1,1,0,8.04,High
macOS,284.2,0,0,46.3,0,0,3,10.0,High
Linux,41.1,1,1,47.6,0,1,0,5.23,Medium
Windows,39.6,1,1,27.8,1,0,0,1.58,Low
Windows,102.1,0,1,27.5,1,0,0,4.75,Medium
Windows,132.8,1,1,13.1,1,0,0,1.69,Low
Linux,163.8,1,0,38.3,1,0,0,4.93,Medium
Windows,137.8,0,1,94.1,1,1,3,8.49,High
Windows,81.6,1,1,44.9,0,0,2,3.47,Low
Linux,81.2,1,1,40.2,1,0,3,2.88,Low
Windows,57.4,0,1,3.4,1,0,0,3.54,Low
macOS,246.7,1,1,163.9,0,1,3,8.58,High
Windows,76.4,1,1,46.5,1,0,1,2.48,Low
macOS,81.2,1,1,36.1,1,0,0,2.18,Low
Windows,124.2,1,1,24.3,1,0,2,2.58,Low
Windows,84.3,1,1,5.3,0,0,0,3.37,Low
Windows,107.1,1,1,21.3,0,1,0,4.45,Medium
macOS,232.3,0,1,221.4,1,1,3,8.9,High
macOS,27.3,1,1,7.7,1,1,2,1.62,Low
Windows,112.0,1,1,8.7,0,0,2,3.63,Low
Windows,164.6,0,0,183.4,0,1,3,10.0,High
Linux,307.5,1,1,34.4,1,0,0,2.96,Low
Windows,29.9,0,1,18.7,0,0,1,4.92,Medium
Windows,103.5,1,1,57.1,0,0,2,4.58,Medium
macOS,39.9,1,0,88.3,1,0,3,3.55,Low
Windows,481.0,0,0,257.5,0,0,4,10.0,High
Windows,246.9,0,1,65.2,1,1,4,8.01,High
Windows,88.8,1,1,23.5,1,1,1,2.45,Low
Windows,9.0,1,0,17.2,1,1,1,3.11,Low
Windows,103.9,1,1,30.4,1,0,0,2.24,Low
macOS,83.2,1,1,105.6,0,1,4,5.54,Medium
macOS,19.7,1,1,6.8,1,0,1,0.63,Low
Windows,153.0,1,1,36.6,1,0,2,4.34,Medium
macOS,66.2,1,1,23.0,1,0,2,1.58,Low
Windows,158.9,0,1,89.3,1,1,3,7.91,High
macOS,31.6,0,1,8.6,1,1,0,3.5,Low
Windows,61.2,1,1,92.1,1,1,1,2.43,Low
macOS,6.8,1,0,11.3,1,1,3,3.12,Low
Windows,111.0,1,1,54.4,1,1,4,5.05,Medium
Windows,31.9,1,1,32.0,1,0,1,1.39,Low
Windows,121.8,0,1,148.2,1,1,0,6.62,Medium
Windows,61.4,0,1,34.4,1,1,4,4.93,Medium
Windows,105.3,1,0,30.8,0,0,2,5.69,Medium
macOS,86.1,0,1,20.5,0,0,2,6.4,Medium
macOS,307.7,0,0,103.8,1,1,5,10.0,High
Windows,64.6,1,1,16.4,0,0,0,3.35,Low
Linux,72.0,1,1,32.6,0,0,1,2.88,Low
macOS,54.7,1,0,44.5,0,1,2,5.19,Medium
Linux,29.0,1,1,149.6,0,0,4,3.28,Low
macOS,266.5,0,0,147.9,0,1,8,10.0,High
macOS,107.6,0,0,123.6,1,1,2,8.07,High
Windows,105.2,0,0,53.3,1,1,1,7.53,High
macOS,107.2,0,1,62.8,1,1,2,6.33,Medium
Linux,85.2,0,0,44.9,0,0,0,8.26,High
Windows,135.5,0,1,33.4,1,0,3,7.08,High
Windows,89.2,1,0,28.4,1,0,3,4.06,Medium
Windows,59.8,1,1,92.4,0,1,2,5.77,Medium
Linux,134.2,1,1,164.6,1,1,1,3.81,Low
Windows,138.6,1,0,50.5,1,1,1,4.52,Medium
macOS,138.7,1,0,55.7,0,1,2,7.59,High
macOS,22.5,1,1,43.0,0,1,0,4.35,Medium
Linux,48.6,0,0,52.8,1,0,0,6.3,Medium
Windows,66.9,0,1,50.1,1,0,2,4.77,Medium
macOS,210.8,0,1,39.4,1,1,5,8.71,High
Linux,151.7,0,1,47.9,1,0,1,5.77,Medium
Windows,133.5,0,0,48.7,1,0,4,9.52,High
macOS,210.4,1,0,64.9,1,0,1,4.97,Medium
Windows,82.9,1,1,38.4,1,0,0,2.31,Low
macOS,63.5,1,1,23.7,1,0,2,2.22,Low
Windows,92.9,1,1,19.1,1,0,1,1.77,Low
Windows,107.3,0,1,51.8,0,0,1,6.71,Medium
Windows,221.5,0,0,36.7,0,1,2,10.0,High
Windows,61.3,0,0,85.0,1,1,1,7.09,High
Windows,99.7,1,1,78.5,1,1,2,3.62,Low
macOS,200.9,0,0,69.1,0,0,0,10.0,High
Windows,26.5,1,1,66.7,1,1,1,2.02,Low
Windows,6.0,0,1,36.5,0,1,1,6.23,Medium
macOS,82.7,1,1,27.0,1,0,2,1.85,Low
macOS,169.2,0,0,50.3,1,1,4,10.0,High
Windows,147.9,0,1,64.1,1,1,1,6.53,Medium
Linux,15.8,1,0,22.8,0,1,0,6.02,Medium
Windows,82.5,0,0,58.9,1,1,2,7.45,High
macOS,127.2,0,1,22.9,0,1,3,9.57,High
Windows,162.7,0,1,53.9,0,1,3,10.0,High
macOS,158.1,1,0,156.7,0,1,2,7.62,High
Linux,234.8,0,0,71.0,0,1,3,10.0,High
macOS,72.8,1,1,9.6,1,1,2,2.56,Low
macOS,88.3,0,0,139.1,0,0,3,8.61,High
macOS,57.4,1,0,45.7,1,1,4,4.07,Medium
Windows,59.9,1,1,138.7,0,1,1,4.73,Medium
macOS,142.2,1,1,99.0,0,1,0,6.63,Medium
macOS,136.2,1,1,127.2,1,0,4,4.51,Medium
Linux,270.0,0,0,139.1,0,0,5,10.0,High
Windows,105.1,0,0,98.2,1,1,1,7.52,High
Windows,27.3,0,1,39.4,1,0,1,4.01,Medium
macOS,80.2,1,1,37.2,1,0,0,2.32,Low
Windows,226.7,1,0,64.8,1,1,3,5.95,Medium
Windows,75.9,1,0,101.1,0,1,3,5.85,Medium
Windows,44.6,0,1,4.3,1,1,0,4.13,Medium
macOS,191.4,1,0,48.6,0,0,0,6.15,Medium
Windows,164.9,1,0,31.0,1,1,1,5.48,Medium
Windows,227.4,0,1,86.2,1,1,3,8.69,High
Windows,86.1,0,1,37.7,1,1,2,5.46,Medium
Linux,20.4,1,1,24.6,1,0,3,1.73,Low
macOS,53.9,1,0,10.0,0,1,1,5.08,Medium
Windows,81.3,0,1,26.2,1,0,2,4.46,Medium
Windows,179.3,1,0,24.8,1,1,1,5.07,Medium
macOS,118.2,1,0,47.3,0,0,3,6.91,Medium
Windows,45.3,1,0,80.8,1,1,0,2.38,Low
macOS,30.4,1,0,23.3,1,0,2,2.91,Low
Windows,165.4,0,1,54.3,1,0,4,7.84,High
Linux,127.9,0,1,136.9,0,0,2,7.58,High
Windows,156.3,1,1,107.4,1,0,2,3.78,Low
macOS,183.7,0,0,65.4,1,0,0,8.92,High
Windows,33.7,1,1,85.3,0,1,1,4.97,Medium
Linux,185.1,0,0,97.3,1,0,2,9.3,High
Linux,4.3,1,1,66.1,0,0,2,2.42,Low
macOS,90.6,1,1,30.2,1,0,0,2.65,Low
Windows,88.1,1,1,67.7,1,1,0,3.24,Low
Windows,54.4,1,1,33.9,1,1,0,1.72,Low
macOS,111.0,0,1,63.9,1,0,1,5.58,Medium
macOS,166.1,1,0,40.8,0,1,2,8.37,High
Windows,36.0,1,1,21.8,1,1,0,1.11,Low
Windows,276.7,0,0,40.0,0,1,4,10.0,High
Windows,96.9,1,1,75.2,1,0,2,2.97,Low
macOS,89.8,1,0,82.0,1,1,1,3.34,Low
macOS,85.6,0,1,46.5,1,0,4,5.46,Medium
macOS,12.6,0,1,4.6,1,0,1,3.19,Low
macOS,621.8,0,0,135.7,1,0,1,8.87,High
Windows,238.0,1,0,98.9,1,0,3,6.21,Medium
Windows,40.6,0,0,120.4,1,1,3,7.58,High
Windows,22.8,1,1,9.6,1,0,0,0.48,Low
macOS,107.6,0,1,55.7,0,1,1,7.83,High
Windows,155.0,0,0,39.6,0,0,2,10.0,High
Windows,58.9,0,1,85.1,1,0,0,4.83,Medium
Windows,182.4,0,0,89.1,0,1,6,10.0,High
Windows,143.0,1,0,66.6,0,1,1,7.78,High
macOS,138.1,0,0,31.4,1,0,4,9.79,High
Windows,57.4,1,1,23.7,1,1,4,2.73,Low
Windows,56.4,1,0,156.7,1,0,2,3.05,Low
macOS,16.7,1,1,75.0,0,0,2,2.78,Low
Windows,41.0,1,0,86.8,1,0,1,2.02,Low
Windows,143.0,1,0,21.2,0,0,4,8.22,High
Windows,164.7,0,0,73.7,1,1,1,8.56,High
macOS,74.4,1,1,30.7,1,0,1,2.48,Low
Windows,198.5,0,0,98.7,1,1,1,9.99,High
macOS,99.5,0,1,78.7,1,0,1,4.98,Medium
Linux,56.7,1,1,38.6,0,1,1,4.83,Medium
macOS,184.9,0,1,121.6,0,1,2,9.98,High
Windows,183.6,0,0,214.9,0,1,2,10.0,High
macOS,246.4,0,0,142.2,1,1,8,10.0,High
Windows,106.3,1,1,26.9,0,0,0,3.54,Low
Windows,60.7,0,1,140.1,0,1,0,7.5,High
Windows,56.0,0,1,69.5,1,1,1,4.34,Medium
Windows,49.9,1,1,63.7,1,0,1,1.19,Low
Windows,203.5,1,1,137.5,1,1,1,4.84,Medium
Windows,248.6,0,1,69.9,1,1,2,7.35,High
Windows,211.3,1,0,75.9,1,0,3,6.56,Medium
Windows,168.7,0,0,224.4,1,1,2,9.01,High
macOS,81.0,1,1,31.5,0,0,2,4.03,Medium
Linux,170.7,0,0,42.4,0,1,2,10.0,High
Windows,12.6,1,1,11.6,0,1,1,3.46,Low
macOS,170.8,0,0,72.1,1,0,5,10.0,High
Windows,41.1,0,1,40.5,0,0,1,5.75,Medium
Windows,8.8,1,0,36.9,1,0,1,1.25,Low
Windows,307.2,1,1,66.5,0,1,1,6.6,Medium
Windows,213.2,0,0,90.2,0,1,1,10.0,High
Windows,41.1,1,1,28.3,1,1,2,1.6,Low
Windows,240.0,0,1,108.6,1,1,1,6.91,Medium
Windows,36.1,1,0,2.1,1,0,0,2.3,Low
Windows,267.9,1,1,88.1,0,0,0,5.87,Medium
Windows,158.8,0,0,60.4,1,0,0,8.46,High
Windows,85.9,0,1,136.6,1,0,3,5.96,Medium
Windows,90.6,1,0,34.6,1,1,0,3.53,Low
Windows,124.6,1,1,72.2,0,1,1,5.77,Medium
Windows,51.7,1,1,43.2,1,0,2,1.45,Low
Windows,154.9,1,1,11.0,1,1,0,3.46,Low
Windows,181.5,0,1,30.6,0,0,2,7.97,High
Windows,24.4,1,1,9.2,0,0,0,2.95,Low
Linux,66.9,0,0,48.5,0,0,3,8.83,High
Windows,131.6,1,0,17.5,1,0,0,3.25,Low
Windows,53.1,1,1,19.0,0,0,2,3.49,Low
Windows,133.6,1,0,142.7,1,0,2,4.04,Medium
Linux,62.5,0,0,96.3,1,0,1,6.19,Medium
macOS,120.7,1,0,105.8,1,0,2,4.56,Medium
macOS,177.2,1,1,20.7,0,0,3,6.9,Medium
Linux,175.1,1,0,93.0,1,0,6,7.25,High
Windows,46.8,0,1,21.1,1,0,2,3.7,Low
Linux,73.0,1,0,130.2,1,1,4,5.09,Medium
Windows,379.0,1,0,61.2,1,0,3,6.87,Medium
macOS,101.7,1,1,21.9,1,1,2,2.66,Low
Windows,141.3,1,1,41.0,1,0,1,4.21,Medium
Windows,87.3,1,1,31.6,1,0,3,2.86,Low
Linux,124.3,1,1,51.9,1,0,1,3.18,Low
Windows,299.0,1,0,40.4,0,0,1,6.18,Medium
Linux,74.4,1,1,26.3,1,0,1,0.63,Low
Windows,90.6,1,0,20.7,0,0,0,4.92,Medium
macOS,61.6,1,1,37.2,1,1,1,2.11,Low
Linux,113.7,1,1,143.6,1,0,2,3.23,Low
Windows,78.1,1,1,91.5,1,0,2,2.65,Low
Linux,121.8,0,0,6.1,1,0,1,7.42,High
macOS,89.6,1,1,67.0,0,1,1,5.7,Medium
macOS,441.5,0,0,79.2,1,1,2,9.16,High
Windows,28.0,1,0,25.8,0,1,2,4.66,Medium
Windows,159.6,1,1,72.9,0,0,0,5.16,Medium
macOS,235.3,1,0,24.3,1,0,1,4.77,Medium
Windows,126.7,0,0,176.7,1,0,2,7.27,High
Windows,115.9,1,1,99.6,1,1,4,4.87,Medium
Windows,368.5,0,0,162.5,0,0,3,10.0,High
Linux,119.3,0,0,46.0,1,0,0,7.58,High
Windows,130.8,0,1,14.0,1,0,2,5.89,Medium
macOS,56.4,1,1,22.9,0,0,0,3.22,Low
Linux,83.7,1,1,113.9,0,0,0,3.96,Low
Windows,75.5,1,1,37.8,0,0,1,3.23,Low
Windows,113.1,1,1,60.0,0,0,1,4.29,Medium
macOS,57.1,1,1,81.6,1,1,1,2.79,Low
Windows,153.2,0,0,64.6,1,0,2,8.92,High
macOS,85.1,1,1,111.6,1,1,2,3.53,Low
macOS,66.6,1,1,61.7,1,1,1,2.6,Low
macOS,170.8,0,1,18.4,1,0,0,5.8,Medium
Windows,129.2,0,1,17.4,1,1,3,7.06,High
macOS,75.4,1,1,43.4,0,0,1,2.75,Low
macOS,32.7,0,1,47.3,1,0,2,4.01,Medium
Windows,94.9,1,0,80.2,1,1,0,3.62,Low
macOS,35.0,1,1,0.1,1,1,3,2.04,Low
Linux,21.6,1,0,37.6,1,0,1,1.74,Low
macOS,267.2,1,1,87.0,0,1,1,6.7,Medium
Windows,167.1,1,1,24.2,1,1,4,6.16,Medium
Windows,32.8,1,1,84.2,1,1,1,1.81,Low
Windows,164.3,0,1,76.5,1,0,0,5.95,Medium
Windows,161.6,1,0,161.7,0,0,0,6.07,Medium
Windows,77.1,0,1,17.4,0,1,2,7.52,High
Linux,44.9,0,1,36.5,1,0,1,4.5,Medium
Windows,115.3,1,1,99.1,1,0,0,2.81,Low
macOS,253.3,0,0,49.8,0,1,3,10.0,High
Windows,361.9,1,1,36.6,1,0,1,3.88,Low
Windows,55.4,0,0,48.6,1,1,5,7.64,High
Windows,111.5,1,1,22.8,1,1,4,4.9,Medium
Windows,176.2,0,1,97.7,0,0,1,7.9,High
macOS,89.6,0,1,71.5,1,0,0,4.4,Medium
Linux,230.4,0,1,65.3,0,1,5,10.0,High
Linux,28.9,1,1,14.9,1,0,0,0.69,Low
Windows,283.1,0,0,61.0,1,1,1,9.55,High
macOS,9.6,1,1,78.8,1,1,0,1.3,Low
Windows,42.0,0,1,24.8,1,1,0,3.5,Low
Linux,100.3,0,0,17.8,1,1,1,8.5,High
Windows,64.8,0,1,1.5,1,0,1,3.63,Low
Windows,74.7,0,1,54.2,0,1,3,8.3,High
Windows,120.7,0,0,151.7,1,0,2,8.37,High
Windows,259.6,0,1,32.0,1,1,5,9.28,High
Windows,41.6,1,0,11.2,0,0,0,3.72,Low
Linux,167.9,1,1,22.8,1,1,3,4.96,Medium
macOS,53.6,1,1,14.4,0,0,0,1.8,Low
Linux,128.3,1,1,76.4,0,1,2,6.27,Medium
Windows,121.6,0,1,144.9,0,0,1,7.74,High
macOS,77.5,1,0,44.2,0,1,0,5.81,Medium
Windows,130.1,1,0,35.0,0,0,1,6.06,Medium
Windows,213.6,1,1,24.6,0,1,0,5.98,Medium
Windows,219.9,0,0,75.8,0,1,3,10.0,High
Windows,207.2,0,1,104.7,0,1,4,10.0,High
macOS,262.5,0,0,123.6,0,1,2,10.0,High
Windows,390.5,0,0,69.7,1,1,3,10.0,High
Windows,65.4,1,1,50.0,0,1,1,4.69,Medium
macOS,145.2,0,1,65.4,0,1,2,9.27,High
Windows,285.8,0,0,57.5,0,1,3,10.0,High
Linux,57.7,1,1,13.5,1,1,1,1.68,Low
Windows,291.3,1,1,108.1,0,1,6,8.63,High
macOS,135.1,0,0,42.2,1,0,0,7.44,High
macOS,240.6,0,0,35.0,1,1,3,10.0,High
macOS,270.6,0,1,66.7,0,0,5,10.0,High
macOS,127.5,1,0,48.7,1,1,3,5.59,Medium
Linux,94.7,1,1,44.0,1,0,0,2.76,Low
macOS,75.9,1,1,36.9,1,0,1,1.43,Low
Windows,90.3,1,1,93.4,0,0,0,3.67,Low
Windows,116.0,0,1,141.3,1,0,0,5.22,Medium
macOS,52.6,0,0,101.7,0,1,2,10.0,High
Windows,30.7,0,0,49.6,0,1,1,9.08,High
Windows,344.9,1,0,61.4,1,0,5,6.47,Medium
Windows,50.9,1,1,18.7,0,1,2,4.29,Medium
Windows,224.2,1,1,134.3,1,1,3,6.77,Medium
Windows,17.7,1,1,12.2,1,0,1,1.12,Low
macOS,81.1,1,1,57.8,1,1,0,2.54,Low
macOS,138.2,0,0,21.8,0,1,3,10.0,High
macOS,27.6,1,1,6.5,0,0,2,2.13,Low
Windows,125.6,0,1,79.9,0,0,3,8.9,High
Windows,18.7,1,1,12.6,1,0,0,0.0,Low
macOS,59.3,0,0,87.6,0,0,1,7.98,High
Windows,33.2,0,1,23.5,0,1,2,6.06,Medium
macOS,7.2,1,1,35.0,1,0,0,0.46,Low
Windows,163.0,1,1,46.2,1,0,2,4.2,Medium
Linux,105.1,1,0,59.7,1,1,3,5.64,Medium
Windows,80.7,1,1,58.7,0,1,2,5.79,Medium
macOS,83.9,0,0,62.5,1,1,4,8.68,High
macOS,90.4,0,1,36.4,1,1,2,6.95,Medium
Windows,35.8,1,1,52.0,0,1,1,4.78,Medium
macOS,80.3,1,0,79.3,1,1,2,4.17,Medium
Windows,156.7,1,0,145.8,1,1,3,6.32,Medium
macOS,64.0,0,1,139.0,0,0,5,7.2,High
macOS,57.7,0,1,38.2,1,0,1,4.82,Medium
Windows,179.0,1,1,28.2,1,0,2,3.74,Low
Windows,61.5,1,0,19.5,1,1,2,3.37,Low
macOS,139.9,1,1,35.6,1,1,3,4.96,Medium
Windows,0.8,1,1,15.4,1,1,0,0.22,Low
Linux,95.1,1,1,23.4,1,0,0,2.04,Low
macOS,24.3,1,0,40.2,1,0,0,1.49,Low
macOS,251.2,0,0,107.6,1,1,2,9.46,High
Windows,135.4,0,1,45.0,1,0,2,6.01,Medium
macOS,235.3,0,1,149.1,0,1,1,9.61,High
Linux,91.7,0,0,129.6,0,1,1,9.83,High
Windows,18.6,1,1,31.1,1,1,2,1.08,Low
Windows,141.7,0,1,36.2,1,0,0,5.95,Medium
Windows,95.4,1,0,101.6,1,1,1,3.29,Low
Windows,102.5,0,1,88.9,1,1,1,5.87,Medium
macOS,47.4,1,0,24.8,1,1,2,3.94,Low
Windows,74.5,1,1,61.8,1,0,2,2.66,Low
macOS,88.3,0,1,3.4,1,0,1,4.73,Medium
Windows,18.0,1,1,7.2,1,0,0,0.63,Low
Windows,78.7,1,1,9.6,1,0,1,1.19,Low
Windows,352.9,1,0,48.0,0,1,2,8.52,High
Linux,160.0,1,1,73.7,1,0,0,3.51,Low
macOS,281.6,1,0,52.8,0,0,4,7.93,High
Windows,73.6,0,1,90.7,1,1,1,5.58,Medium
macOS,20.4,0,1,56.1,1,1,1,3.93,Low
Windows,18.9,1,1,95.1,1,0,1,1.81,Low
Windows,132.1,1,0,52.3,1,0,1,4.32,Medium
Windows,39.7,1,1,16.6,1,1,1,2.32,Low
Linux,251.9,0,0,129.6,0,1,3,10.0,High
macOS,68.9,0,1,173.6,0,0,2,6.24,Medium
macOS,131.3,1,0,36.5,1,0,4,5.67,Medium
Windows,124.4,1,1,122.6,1,0,2,3.22,Low
Windows,112.8,0,0,66.4,0,1,3,10.0,High
macOS,222.9,1,1,14.8,0,0,2,4.86,Medium
Windows,86.4,1,1,58.3,1,0,2,2.69,Low
Linux,45.9,1,1,6.9,1,1,1,1.11,Low
macOS,154.7,1,1,33.9,1,1,2,3.77,Low
Windows,116.8,1,0,5.0,1,0,3,5.92,Medium
macOS,84.3,1,0,120.5,1,1,2,3.46,Low
Linux,111.0,0,1,63.9,1,1,0,5.2,Medium
Windows,53.1,1,1,23.2,1,1,1,1.7,Low
macOS,21.5,1,0,87.3,1,0,2,2.93,Low
Linux,254.3,1,0,35.1,0,1,4,9.12,High
Windows,42.7,0,1,47.1,1,1,1,4.44,Medium
Linux,52.8,1,1,27.2,0,1,3,4.86,Medium
Windows,19.5,1,0,3.4,1,0,0,2.16,Low
macOS,80.7,0,0,95.6,0,1,0,9.59,High
macOS,91.0,1,0,134.1,0,1,2,6.57,Medium
macOS,136.7,1,0,30.1,1,1,1,5.12,Medium
Windows,48.8,1,0,65.4,1,0,3,2.55,Low
macOS,173.7,0,1,21.9,0,0,1,7.14,High
Windows,156.1,1,1,55.0,0,0,1,4.86,Medium
Windows,239.6,0,0,67.7,1,1,3,10.0,High
Windows,81.7,0,1,16.7,1,0,0,4.6,Medium
macOS,35.3,0,1,23.2,1,1,3,4.86,Medium
Windows,77.0,1,1,43.4,1,0,1,2.19,Low
Windows,51.5,0,1,71.1,0,0,3,6.54,Medium
Linux,51.4,0,0,37.9,1,0,2,7.56,High
Windows,32.5,1,1,17.1,0,0,1,1.94,Low
Windows,57.8,0,1,64.6,1,0,3,4.66,Medium
Windows,128.3,1,1,64.5,0,1,0,5.87,Medium
Windows,152.8,1,1,52.8,1,0,2,4.06,Medium
macOS,33.8,1,1,24.3,1,0,0,1.17,Low
Windows,210.5,1,0,66.7,1,1,0,4.88,Medium
Windows,79.6,1,1,30.3,0,1,1,4.94,Medium
Linux,46.1,1,1,35.5,0,0,2,3.49,Low
macOS,60.3,1,1,28.6,0,0,1,2.61,Low
macOS,45.6,1,1,14.3,1,0,0,1.09,Low
Linux,6.9,1,1,48.6,1,0,0,0.61,Low
Linux,103.0,1,1,39.9,1,1,1,2.55,Low
Windows,24.5,1,1,39.7,1,0,2,1.82,Low
macOS,75.1,0,0,81.2,0,0,1,8.52,High
macOS,24.8,0,1,27.8,1,0,0,2.9,Low
Windows,96.2,1,0,13.5,1,0,2,4.08,Medium
Windows,194.3,0,0,78.3,1,0,2,9.85,High
Windows,47.3,1,1,22.8,1,0,0,1.23,Low
macOS,114.8,1,1,83.4,1,0,2,2.79,Low
macOS,51.4,0,0,106.7,0,0,0,7.59,High
macOS,190.6,0,0,100.0,1,1,1,8.52,High
Windows,141.7,1,1,20.7,0,0,3,5.88,Medium
Windows,33.3,0,0,81.1,1,1,2,6.74,Medium
Windows,199.2,0,0,59.8,1,0,1,9.11,High
Windows,62.1,0,1,45.8,1,0,1,4.15,Medium
Linux,52.1,1,1,79.9,0,0,3,4.18,Medium
Linux,70.8,0,0,64.6,1,0,4,7.14,High
Linux,74.1,1,1,15.6,1,0,2,1.9,Low
Linux,126.4,1,1,51.5,1,0,1,2.66,Low
Linux,77.2,1,1,20.9,0,0,0,2.66,Low
Windows,155.4,1,0,178.9,0,1,1,7.68,High
Windows,154.8,1,0,173.9,0,1,6,9.68,High
Windows,31.1,0,1,19.0,1,1,0,3.48,Low
Windows,110.0,0,1,33.2,0,0,3,8.16,High
Windows,135.7,1,1,44.8,0,0,1,5.0,Medium
Windows,67.4,1,0,176.4,1,1,3,3.47,Low
Linux,112.8,1,1,95.9,0,1,2,6.29,Medium
Windows,86.5,0,1,21.7,0,0,2,6.07,Medium
Linux,107.6,1,1,59.7,1,1,2,3.85,Low
macOS,32.7,0,1,50.9,1,1,0,4.2,Medium
macOS,86.4,1,1,43.8,1,0,1,1.54,Low
macOS,223.9,0,0,83.1,1,1,4,10.0,High
Windows,98.3,1,1,73.6,0,0,2,4.38,Medium
macOS,101.7,0,0,77.6,1,1,6,9.67,High
Windows,105.7,0,1,19.5,1,1,3,6.11,Medium
Linux,339.4,1,0,60.2,0,1,4,9.9,High
Windows,41.3,0,1,38.2,0,0,4,5.92,Medium
Windows,132.6,0,0,13.9,1,0,2,7.35,High
macOS,221.3,0,0,178.6,1,1,3,10.0,High
macOS,99.8,0,1,73.5,1,0,0,5.24,Medium
Windows,138.7,1,1,12.7,1,0,2,3.42,Low
macOS,123.6,0,0,43.9,0,1,2,10.0,High
Windows,43.4,1,1,39.2,1,1,0,1.85,Low
macOS,157.3,1,1,57.4,1,1,4,6.48,Medium
Windows,31.2,1,1,45.0,1,0,0,1.4,Low
Windows,70.4,1,1,44.0,1,0,2,2.26,Low
Windows,56.6,0,1,18.2,1,1,1,4.12,Medium
Windows,336.3,0,1,125.2,0,0,4,8.78,High
Windows,247.5,0,1,50.4,0,0,0,8.12,High
Windows,62.7,1,0,151.8,1,0,1,3.29,Low
Windows,74.8,0,1,35.2,1,0,2,4.96,Medium
Windows,86.7,0,1,49.1,1,1,2,6.03,Medium
Windows,146.8,0,1,62.0,1,0,0,5.54,Medium
Windows,48.7,0,1,23.1,0,0,1,5.07,Medium
macOS,411.2,0,1,101.5,1,1,3,8.51,High
Linux,45.5,0,1,298.6,0,1,3,6.73,Medium
Windows,46.9,1,1,70.5,1,0,4,2.29,Low
Linux,100.7,0,0,131.2,0,1,4,10.0,High
Windows,152.0,0,0,122.4,0,1,2,10.0,High
Windows,92.9,1,1,86.4,0,1,4,7.46,High
macOS,232.1,1,1,32.3,1,1,4,5.83,Medium
macOS,58.1,0,0,53.1,0,1,1,9.82,High
macOS,178.4,0,0,202.5,1,1,4,10.0,High
Windows,41.9,1,0,98.0,0,1,1,4.69,Medium
macOS,67.9,1,1,33.3,0,1,2,4.99,Medium
Windows,7.8,1,1,17.4,1,0,0,0.73,Low
Windows,352.2,0,0,300.4,0,1,2,10.0,High
Windows,125.3,0,1,72.5,0,1,1,8.07,High
Linux,165.0,1,0,41.6,0,0,1,5.77,Medium
Windows,47.8,0,0,38.0,0,1,1,10.0,High
macOS,90.3,0,0,117.7,0,1,2,9.86,High
macOS,43.5,1,0,32.3,1,1,1,3.11,Low
macOS,34.2,1,1,29.1,1,1,1,0.75,Low
macOS,239.2,0,1,96.7,0,0,2,8.84,High
Linux,72.4,1,1,117.2,0,1,1,5.52,Medium
Windows,121.6,1,0,41.4,1,1,0,4.97,Medium
Windows,128.1,1,0,1.8,1,1,0,3.97,Low
macOS,112.9,0,1,61.3,0,0,2,7.61,High
Windows,27.7,1,1,34.3,0,1,0,3.41,Low
Windows,86.8,0,0,69.8,0,1,4,10.0,High
Windows,125.1,1,0,44.1,1,0,0,2.87,Low
Windows,67.9,0,1,11.5,0,1,2,7.41,High
Windows,15.7,1,0,9.9,1,0,1,2.11,Low
Windows,269.8,1,0,25.2,1,0,1,5.29,Medium
Linux,255.7,1,0,133.7,1,0,2,5.44,Medium
Windows,52.7,1,1,48.7,0,1,3,5.27,Medium
Linux,338.2,1,0,93.2,1,0,2,6.19,Medium
Linux,174.6,1,1,5.9,0,0,1,5.54,Medium
Windows,236.5,0,1,27.1,0,1,3,10.0,High
macOS,70.3,1,1,1.5,0,0,0,2.77,Low
macOS,57.7,1,1,4.2,1,0,1,1.9,Low
macOS,101.3,0,1,129.5,1,0,1,5.94,Medium
Windows,34.1,0,1,8.7,1,1,1,3.9,Low
Windows,160.7,1,1,21.9,1,1,1,3.93,Low
Windows,106.4,1,1,25.2,0,1,1,4.91,Medium
macOS,152.6,1,0,121.7,1,0,2,4.86,Medium
Linux,79.2,0,1,20.1,1,1,1,4.92,Medium
macOS,76.8,1,1,29.6,1,1,1,2.93,Low
macOS,53.7,1,0,38.4,1,0,3,3.9,Low
Linux,54.8,0,0,28.2,0,0,1,8.49,High
macOS,53.1,0,1,8.6,0,1,1,6.92,Medium
Windows,142.1,1,0,33.3,1,1,0,4.56,Medium
Linux,172.9,0,1,82.4,0,0,2,8.03,High
Windows,77.6,1,1,72.1,1,1,0,3.1,Low
Windows,184.5,0,1,60.8,1,1,3,8.96,High
Windows,104.2,1,1,15.2,0,1,4,7.08,High
Linux,76.8,1,0,42.4,1,0,1,2.8,Low
Windows,136.1,1,1,38.7,0,1,2,5.83,Medium
Windows,103.6,0,0,70.1,0,0,4,10.0,High
Windows,199.1,1,0,42.5,0,0,0,6.51,Medium
Windows,71.7,0,1,57.5,1,0,0,4.56,Medium
Windows,112.1,0,1,63.7,0,0,4,9.22,High
macOS,77.0,1,1,110.3,1,0,0,1.88,Low
Linux,283.0,1,0,54.7,1,1,1,5.12,Medium
Windows,22.7,1,1,22.8,0,0,3,2.67,Low
Windows,187.2,1,1,29.3,1,0,1,3.63,Low
Windows,219.6,1,1,61.9,1,1,0,4.29,Medium
Windows,83.7,0,0,156.5,1,1,0,7.43,High
macOS,53.0,1,1,6.9,1,0,2,1.5,Low
macOS,46.1,0,1,4.8,1,0,2,3.19,Low
macOS,131.3,0,1,38.5,1,0,2,5.48,Medium
Windows,224.7,0,0,34.1,1,1,4,10.0,High
macOS,84.1,0,0,65.0,0,0,3,8.79,High
Windows,29.3,1,1,45.1,1,1,0,1.37,Low
Windows,128.8,1,1,37.2,1,1,0,3.21,Low
Linux,52.8,1,1,53.8,1,1,1,1.96,Low
macOS,38.0,1,1,24.0,1,0,5,2.75,Low
Linux,137.2,1,1,30.8,0,0,1,4.86,Medium
Linux,73.8,1,1,94.2,1,1,0,3.7,Low
macOS,39.5,0,1,14.1,1,1,0,3.85,Low
Linux,142.5,0,0,83.2,1,1,7,10.0,High
Windows,166.6,0,0,21.7,1,0,2,8.42,High
Windows,21.1,0,1,88.8,0,1,2,7.06,High
Windows,54.8,0,1,49.1,1,1,0,4.43,Medium
Windows,76.3,0,0,33.8,0,1,3,9.77,High
Windows,95.3,1,0,38.6,1,1,3,6.02,Medium
Windows,56.3,1,1,12.8,0,1,1,4.21,Medium
macOS,158.6,0,0,129.2,0,1,2,10.0,High
macOS,116.5,1,1,143.6,0,0,4,6.36,Medium
macOS,191.9,1,0,172.8,1,1,3,7.17,High
Windows,52.1,1,1,32.9,1,0,6,1.72,Low
macOS,249.7,1,1,64.7,1,0,5,5.74,Medium
Windows,231.4,1,0,200.5,1,1,3,7.74,High
Windows,49.4,1,1,157.9,1,1,0,2.26,Low
Windows,237.8,0,0,9.9,1,0,2,9.17,High
Windows,120.9,1,0,28.7,0,1,5,8.97,High
Windows,240.9,1,0,119.2,1,0,4,6.55,Medium
macOS,154.2,0,0,34.5,1,1,1,8.41,High
macOS,100.8,1,0,14.3,0,1,1,5.85,Medium
macOS,36.9,1,1,12.5,0,0,1,2.04,Low
Windows,78.2,1,1,38.4,1,1,2,2.59,Low
macOS,139.5,0,1,49.0,1,1,1,6.01,Medium
macOS,116.5,0,0,40.6,0,0,4,10.0,High
Windows,115.9,1,0,139.3,0,0,3,7.13,High
macOS,187.6,1,1,73.1,1,1,3,6.89,Medium
Windows,57.7,1,1,165.8,0,1,2,4.75,Medium
Windows,34.4,1,1,23.6,1,1,0,0.78,Low
Windows,23.2,0,1,174.3,0,1,5,7.54,High
Windows,284.0,0,0,55.7,1,1,1,9.91,High
Windows,86.8,0,0,57.4,1,1,6,7.91,High
Windows,102.5,0,1,15.3,1,1,0,4.43,Medium
Windows,83.8,1,1,29.9,0,0,2,2.79,Low
Linux,124.5,1,1,17.2,1,0,1,2.77,Low
Windows,66.1,1,1,10.9,1,1,0,1.44,Low
Windows,43.9,0,1,3.8,1,0,0,3.59,Low
Windows,129.8,1,1,29.7,1,0,0,3.04,Low
Linux,94.6,1,1,88.7,1,0,2,3.58,Low
macOS,92.3,1,1,21.4,1,0,2,2.8,Low
Linux,80.8,0,1,79.8,1,1,5,5.6,Medium
Windows,113.9,1,1,35.6,0,0,0,3.85,Low
Windows,263.3,0,0,208.7,1,1,2,9.96,High
macOS,23.3,1,0,47.4,1,0,2,1.87,Low
Windows,24.5,1,0,33.4,1,1,0,2.38,Low
macOS,115.9,0,0,101.3,1,1,1,8.19,High
Linux,55.8,1,1,49.3,0,0,1,3.31,Low
Windows,68.7,1,1,47.1,1,0,2,2.45,Low
Linux,142.1,1,1,20.0,1,1,4,4.95,Medium
macOS,163.7,0,0,67.0,0,0,3,10.0,High
Windows,180.0,0,1,111.4,1,0,2,7.08,High
Windows,44.3,1,0,11.3,0,1,6,6.12,Medium
Windows,156.1,1,1,20.7,1,1,1,4.63,Medium
macOS,264.7,1,0,107.5,1,1,6,6.96,Medium
Windows,166.9,0,0,69.6,1,0,4,10.0,High
Windows,39.9,1,1,30.1,1,0,0,0.63,Low
macOS,114.9,1,0,17.2,1,0,4,5.69,Medium
Windows,70.4,0,0,12.7,1,0,2,6.97,Medium
Windows,138.4,0,0,57.8,0,0,2,9.87,High
macOS,211.6,1,0,60.7,0,0,4,7.81,High
Windows,127.9,1,0,104.6,1,0,1,3.34,Low
Windows,169.0,0,1,128.0,0,1,4,10.0,High
Windows,158.3,0,1,3.2,1,1,0,6.12,Medium
Windows,319.0,1,1,70.7,0,0,0,5.88,Medium
Windows,199.9,0,0,167.7,0,1,1,10.0,High
macOS,43.2,1,1,177.8,0,1,4,5.31,Medium
Linux,126.4,0,1,48.0,0,1,2,8.81,High
Windows,61.8,1,0,18.8,0,0,1,3.94,Low
Linux,88.3,1,1,48.4,1,1,2,3.03,Low
macOS,101.3,1,1,20.0,1,0,2,2.96,Low
macOS,136.2,1,1,30.4,0,0,0,5.09,Medium
macOS,50.6,1,1,55.7,1,1,2,2.77,Low
macOS,82.6,1,0,78.5,1,1,2,2.65,Low
macOS,34.0,1,1,45.0,1,0,1,1.62,Low
Windows,52.3,1,0,22.0,1,0,1,3.3,Low
Windows,159.2,0,1,62.7,1,1,1,6.71,Medium
Windows,321.6,1,0,220.0,0,1,1,7.4,High
Windows,69.7,1,0,106.4,1,1,4,4.52,Medium
macOS,78.3,1,1,58.0,1,1,1,2.82,Low
Windows,54.8,0,1,34.1,1,1,1,4.44,Medium
Windows,127.7,0,0,80.9,1,1,1,7.7,High
Windows,30.3,1,0,47.5,0,0,1,3.08,Low
Windows,34.7,1,1,22.1,1,0,0,1.28,Low
macOS,40.1,1,0,59.1,0,0,1,3.42,Low
macOS,324.5,0,1,254.1,0,1,5,10.0,High
Windows,211.5,1,0,186.6,1,1,3,7.8,High
Windows,106.2,1,1,116.3,1,1,3,4.57,Medium
Windows,67.6,1,0,105.2,1,0,2,2.93,Low
Windows,95.5,1,0,51.1,1,1,0,4.08,Medium
macOS,79.8,1,1,14.2,0,1,1,5.24,Medium
macOS,202.7,0,1,27.9,1,1,0,6.59,Medium
Windows,112.4,1,1,61.1,0,1,2,5.84,Medium
Windows,274.2,1,0,127.2,1,1,2,5.55,Medium
Linux,87.0,1,1,90.4,0,1,0,5.29,Medium
macOS,191.3,0,1,56.0,0,0,1,7.82,High
Windows,222.2,1,1,71.5,1,0,0,4.59,Medium
Windows,109.0,1,1,80.4,1,1,2,3.46,Low
Windows,36.7,1,1,15.3,1,0,1,1.27,Low
Linux,175.0,0,0,66.7,0,1,4,10.0,High
Windows,194.6,1,0,63.4,1,1,3,7.0,High
Windows,91.2,1,1,55.4,0,1,0,5.16,Medium
Linux,95.4,0,0,190.2,1,1,2,7.99,High
macOS,65.9,0,0,54.3,1,1,3,7.32,High
Windows,248.4,0,0,37.1,1,1,0,9.41,High
Windows,462.6,1,0,36.3,0,0,3,7.85,High
Windows,246.0,0,0,99.8,1,1,5,10.0,High
macOS,55.3,1,0,67.3,1,0,1,2.34,Low
Windows,246.7,0,1,16.8,0,1,2,9.83,High
Linux,130.4,1,0,105.6,1,1,4,6.66,Medium
Linux,88.8,1,1,92.6,0,0,2,3.69,Low
Windows,275.5,1,0,105.9,1,1,0,5.53,Medium
macOS,421.3,0,1,101.7,0,0,3,9.36,High
Windows,30.7,1,1,6.8,1,0,0,0.28,Low
Windows,60.5,0,1,30.8,1,0,2,4.04,Medium
macOS,121.0,1,1,141.0,1,0,0,3.26,Low
Windows,60.7,0,1,86.7,0,1,3,7.72,High
Windows,33.8,0,1,31.8,0,1,2,6.66,Medium
Windows,48.3,1,1,55.0,1,0,0,1.8,Low
Windows,122.7,1,1,23.6,1,1,2,3.81,Low
Windows,165.1,0,0,22.6,1,1,4,10.0,High
macOS,88.9,1,1,18.9,1,1,0,2.26,Low
macOS,141.6,1,0,14.4,1,1,3,6.15,Medium
macOS,115.5,1,1,54.0,0,0,1,4.51,Medium
macOS,31.3,1,0,107.3,0,0,0,3.84,Low
Windows,23.1,1,1,59.7,1,0,3,2.35,Low
macOS,103.1,0,1,78.5,0,1,2,7.93,High
Windows,108.2,0,0,126.8,0,0,2,10.0,High
Windows,114.7,1,1,41.2,1,1,2,3.09,Low
Linux,99.4,1,0,50.6,0,0,3,6.82,Medium
Windows,123.0,0,1,19.2,1,1,2,6.08,Medium
Windows,159.9,1,1,120.2,0,1,0,5.98,Medium
Windows,244.2,1,1,48.3,0,1,0,6.83,Medium
Windows,61.9,0,1,29.1,1,0,1,3.44,Low
Windows,134.7,1,0,99.7,0,1,0,6.46,Medium
Windows,156.6,1,1,27.9,1,0,5,5.28,Medium
Linux,70.9,1,1,15.9,0,1,2,4.76,Medium
Windows,79.8,1,0,15.7,0,1,3,6.92,Medium
Windows,175.5,1,1,108.8,0,1,1,6.74,Medium
Windows,39.3,1,1,42.3,1,0,0,1.48,Low
macOS,39.3,0,1,38.5,0,1,0,6.85,Medium
Windows,214.2,1,1,45.4,1,1,1,4.56,Medium
Windows,178.5,1,1,94.8,1,1,4,6.47,Medium
Windows,31.9,1,1,49.1,1,0,3,1.32,Low
macOS,353.0,1,0,79.6,0,1,2,7.35,High
macOS,416.4,0,0,104.8,0,1,2,10.0,High
macOS,23.5,1,1,56.9,1,0,1,2.03,Low
macOS,82.9,1,1,7.5,1,1,0,2.64,Low
Windows,174.8,1,1,163.1,0,1,2,7.71,High
Windows,66.5,1,1,24.8,0,1,1,4.7,Medium
Windows,315.1,0,1,124.2,1,1,1,7.41,High
Windows,103.5,1,0,37.0,1,0,1,3.48,Low
Windows,200.6,1,1,115.9,0,0,0,5.35,Medium
Windows,81.0,1,1,40.3,1,1,5,2.73,Low
Windows,159.5,1,1,30.0,1,0,0,3.37,Low
macOS,16.0,1,1,17.8,1,0,1,0.94,Low
Windows,108.5,1,0,30.6,1,0,2,3.68,Low
macOS,33.5,1,0,45.2,1,0,0,2.56,Low
macOS,114.0,0,1,92.4,0,0,2,7.62,High
Windows,80.4,1,1,109.8,0,1,4,5.48,Medium
Windows,57.1,1,1,40.5,1,1,1,3.25,Low
macOS,53.9,1,1,31.1,1,0,3,2.24,Low
macOS,61.8,1,1,56.4,1,0,3,3.17,Low
Windows,176.5,1,0,53.3,1,0,2,4.86,Medium
Windows,76.3,1,1,31.5,1,0,2,2.81,Low
macOS,19.7,0,0,29.2,1,0,1,6.21,Medium
macOS,76.3,0,1,45.7,1,0,1,4.52,Medium
Windows,53.5,1,1,15.3,1,0,1,0.94,Low
Windows,26.6,1,1,60.0,1,1,2,2.28,Low
Linux,76.3,1,1,129.9,1,1,3,3.67,Low
Windows,24.7,0,1,44.9,0,0,1,5.14,Medium
Linux,38.4,1,1,19.0,0,0,0,2.4,Low
Windows,281.7,0,0,66.6,1,1,0,8.9,High
Windows,205.4,1,0,59.2,1,0,2,4.67,Medium
Windows,108.4,1,1,150.5,1,0,1,3.1,Low
Windows,72.8,1,1,31.7,1,1,0,1.9,Low
Linux,297.5,0,1,245.6,0,1,2,10.0,High
Windows,172.7,0,0,57.6,0,1,3,10.0,High
Linux,52.1,0,1,34.3,0,1,0,7.31,High
Windows,16.3,1,0,24.1,0,1,0,4.54,Medium
Linux,76.1,0,1,11.3,1,1,2,4.81,Medium
Linux,103.1,0,0,20.3,0,1,0,9.44,High
macOS,163.2,0,0,75.1,0,1,4,10.0,High
Windows,182.7,1,1,67.8,0,1,3,8.6,High
macOS,75.1,0,1,9.6,1,0,1,4.11,Medium
Windows,90.0,1,1,95.4,1,0,0,2.35,Low
Linux,189.4,0,1,110.8,1,0,4,8.15,High
Windows,72.8,1,1,84.3,1,1,0,2.79,Low
Windows,49.2,1,1,29.5,1,0,2,1.6,Low
Windows,143.8,1,1,148.5,0,1,5,8.88,High
macOS,228.7,0,0,101.3,0,0,3,10.0,High
Linux,102.1,1,1,16.8,1,1,1,2.55,Low
Windows,59.9,1,1,13.9,1,0,0,1.71,Low
macOS,312.1,0,0,78.8,1,0,1,8.4,High
Linux,56.7,0,0,53.7,1,0,1,6.45,Medium
Windows,93.6,0,1,17.9,0,1,1,6.91,Medium
Windows,248.4,0,0,104.3,0,1,4,10.0,High
macOS,31.1,1,1,56.5,1,0,1,2.15,Low
macOS,130.1,0,0,71.2,1,1,2,8.69,High
Windows,50.8,0,0,113.6,0,1,4,9.21,High
macOS,47.5,1,1,32.0,1,0,1,1.37,Low
Windows,112.6,0,1,92.3,1,1,2,6.31,Medium
Linux,148.4,1,1,28.2,1,0,0,3.18,Low
Linux,87.9,1,1,3.8,0,0,1,3.15,Low
macOS,69.2,0,1,16.9,0,1,1,7.19,High
Windows,252.7,1,0,40.4,0,1,3,9.53,High
Windows,87.9,0,1,70.5,0,1,2,8.0,High
Windows,45.2,1,0,63.0,1,0,4,3.3,Low
Windows,17.0,1,0,75.3,1,0,5,2.85,Low
macOS,160.0,1,0,90.3,1,0,1,4.67,Medium
Windows,32.2,0,1,26.0,1,0,0,3.44,Low
Windows,233.7,0,1,36.2,0,1,1,9.55,High
Windows,42.5,1,1,5.7,0,1,1,4.03,Medium
Windows,95.2,1,1,53.6,1,1,0,3.0,Low
Windows,141.7,0,0,26.6,1,0,1,7.96,High
macOS,27.4,0,1,49.6,0,0,2,5.7,Medium
macOS,69.4,1,0,87.5,1,0,3,3.56,Low
Windows,299.6,0,0,242.9,1,0,1,8.76,High
Linux,127.0,1,1,215.1,0,1,4,7.74,High
Linux,48.1,0,1,194.2,1,1,1,4.88,Medium
Windows,85.4,0,1,55.9,1,1,1,5.19,Medium
macOS,46.1,1,0,79.5,1,1,0,2.34,Low
Windows,55.5,0,1,26.8,0,0,4,6.62,Medium
Windows,246.2,0,1,173.6,1,1,1,7.84,High
Windows,41.7,1,0,112.8,1,0,2,2.8,Low
Windows,63.0,1,1,27.0,1,1,0,2.24,Low
Linux,322.2,0,0,189.2,0,1,2,10.0,High
Linux,258.0,0,1,143.0,0,1,1,9.71,High
macOS,115.5,1,1,57.5,1,0,1,3.17,Low
macOS,283.1,0,0,11.3,1,1,1,9.38,High
macOS,197.4,0,0,145.9,1,0,2,8.61,High
Linux,158.0,1,1,76.0,1,1,2,5.33,Medium
Windows,32.9,1,1,42.0,1,1,0,1.28,Low
Windows,81.5,0,1,24.7,0,1,2,7.76,High
macOS,156.6,0,1,123.9,0,1,4,10.0,High
Windows,83.7,1,1,25.9,0,0,0,2.5,Low
Windows,30.7,1,0,9.4,1,1,1,3.23,Low
Windows,124.9,0,0,14.1,1,0,2,8.1,High
macOS,84.2,0,0,40.9,1,0,1,6.56,Medium
Windows,81.6,1,1,14.7,1,0,2,2.35,Low
Windows,77.7,0,1,48.5,1,0,1,4.58,Medium
Windows,61.7,0,1,39.6,1,1,1,5.53,Medium
Windows,28.8,0,1,109.1,1,1,2,4.16,Medium
Linux,37.1,0,1,17.5,1,0,1,3.28,Low
Windows,13.8,1,1,152.7,1,1,2,2.39,Low
macOS,137.5,0,0,62.7,1,0,0,7.69,High
macOS,40.5,1,1,33.7,1,1,0,1.41,Low
Windows,143.0,1,0,104.5,1,0,2,4.65,Medium
macOS,103.4,1,1,89.3,0,0,0,4.59,Medium
macOS,56.4,1,1,29.3,1,1,1,2.14,Low
macOS,187.7,1,1,98.1,0,1,5,8.93,High
Windows,175.4,1,1,39.9,0,0,2,5.23,Medium
Windows,62.8,1,0,17.5,0,1,0,5.35,Medium
Linux,24.4,1,1,34.2,1,0,1,0.71,Low
macOS,41.9,1,1,37.3,0,0,2,3.61,Low
Linux,109.7,1,1,29.4,1,1,3,4.89,Medium
Linux,261.2,1,1,44.9,1,0,1,3.57,Low
Windows,72.6,1,0,63.0,0,0,2,4.48,Medium
macOS,73.7,1,1,30.5,1,1,2,2.98,Low
Windows,65.8,1,0,26.3,0,0,3,5.04,Medium
macOS,99.8,1,1,56.9,1,1,0,3.1,Low
Windows,66.3,0,1,100.6,1,1,0,4.89,Medium
Windows,259.3,1,0,58.4,0,0,1,6.41,Medium
macOS,61.8,1,1,15.3,1,0,1,1.36,Low
macOS,96.1,1,1,36.7,1,1,0,3.2,Low
macOS,8.4,1,1,18.8,1,1,1,1.42,Low
Windows,268.7,0,0,115.9,0,0,1,10.0,High
Windows,29.7,1,1,29.6,0,1,1,3.55,Low
Linux,108.2,0,1,99.3,0,1,0,7.79,High
Windows,213.0,1,1,184.0,0,1,3,8.36,High
Windows,145.9,0,0,13.8,1,0,4,9.76,High
macOS,89.2,0,1,66.5,1,1,0,5.47,Medium
Windows,154.3,0,1,60.0,0,1,2,9.89,High
macOS,87.9,1,1,94.6,1,1,2,3.44,Low
Windows,125.4,0,1,21.3,0,0,1,6.01,Medium
macOS,311.6,0,0,137.9,0,1,2,10.0,High
Linux,15.1,1,1,28.5,1,1,0,0.67,Low
Linux,270.0,0,0,124.2,1,1,5,10.0,High
macOS,77.0,0,0,39.1,1,1,2,7.5,High
Windows,184.6,0,1,49.7,0,1,3,10.0,High
macOS,81.4,1,1,33.4,0,0,1,3.77,Low
macOS,147.6,0,1,70.3,0,1,6,10.0,High
macOS,168.5,0,1,132.4,0,1,1,8.89,High
macOS,138.9,1,0,81.1,0,0,0,5.23,Medium
macOS,253.5,0,0,102.3,0,1,1,10.0,High
macOS,38.0,1,1,24.8,1,0,3,1.73,Low
macOS,74.3,1,1,42.5,1,0,1,2.9,Low
Windows,93.2,1,1,59.8,1,0,0,2.62,Low
Windows,286.5,1,0,146.1,0,0,3,8.22,High
macOS,45.2,0,0,109.7,0,0,4,8.25,High
Windows,38.7,1,0,30.2,0,0,1,3.55,Low
Linux,206.9,1,1,33.7,1,1,3,6.37,Medium
macOS,270.5,1,1,95.9,0,1,7,8.72,High
Windows,107.1,0,1,45.5,1,0,0,4.42,Medium
macOS,292.5,0,1,153.4,1,1,3,8.17,High
macOS,59.1,1,0,16.7,1,0,1,3.0,Low
macOS,77.3,0,1,79.4,0,1,1,7.41,High
Windows,13.4,0,0,64.4,1,1,2,5.93,Medium
Linux,113.5,1,0,84.2,1,0,2,4.79,Medium
Windows,122.8,1,0,13.6,1,1,0,3.41,Low
macOS,121.9,0,1,35.8,1,1,0,5.44,Medium
Windows,325.0,1,1,152.2,1,0,8,6.85,Medium
macOS,146.6,1,1,33.5,1,0,2,3.53,Low
macOS,227.3,0,0,18.4,0,1,1,10.0,High
macOS,120.1,1,1,76.6,0,1,1,6.35,Medium
Windows,13.1,1,1,41.4,0,0,0,1.78,Low
macOS,42.8,1,1,22.2,1,0,1,1.59,Low
macOS,125.1,0,0,54.7,0,0,2,9.2,High
Windows,71.1,1,1,81.2,1,0,1,2.26,Low
Linux,142.6,1,1,67.7,1,1,2,3.93,Low
macOS,123.0,0,0,31.7,1,1,0,7.83,High
Linux,145.1,1,1,86.0,0,1,2,6.97,Medium
Linux,401.9,1,1,33.8,0,1,1,6.34,Medium
Linux,100.5,0,1,74.4,1,0,2,4.71,Medium
macOS,84.9,1,0,77.9,1,0,1,3.47,Low
macOS,55.2,1,0,87.8,1,1,2,3.38,Low
Windows,107.6,1,1,28.9,1,0,1,2.91,Low
Windows,156.5,1,1,58.9,1,1,2,4.26,Medium
macOS,75.9,1,1,8.8,1,0,0,1.89,Low
Windows,48.6,0,1,72.9,1,1,1,5.15,Medium
Linux,167.9,1,0,25.7,0,1,1,7.79,High
Windows,202.8,1,0,48.3,1,0,0,4.26,Medium
Windows,138.6,0,0,66.9,0,1,0,10.0,High
Windows,187.4,0,0,58.6,1,1,1,9.66,High
Windows,227.4,1,1,13.0,1,0,0,3.17,Low
Windows,81.5,1,1,63.5,1,1,1,2.21,Low
Windows,348.9,1,0,39.7,0,0,2,6.33,Medium
macOS,139.3,1,1,6.4,0,1,2,5.39,Medium
Windows,55.2,0,1,60.6,0,1,3,7.44,High
Windows,136.5,1,0,136.9,1,1,3,5.65,Medium
Windows,63.3,1,1,21.4,1,0,1,1.96,Low
Windows,14.7,0,1,22.1,1,1,1,3.94,Low
Windows,87.7,0,1,33.8,0,0,1,5.7,Medium
macOS,107.7,0,0,149.1,0,1,3,10.0,High
macOS,125.8,1,1,28.5,1,1,1,3.01,Low
Windows,228.9,0,0,103.2,1,1,5,10.0,High
macOS,113.0,0,0,64.7,0,1,2,10.0,High
Windows,110.1,1,0,38.5,0,1,3,7.71,High
Windows,17.7,1,1,67.9,0,1,2,4.45,Medium
Linux,381.8,0,1,145.8,1,1,5,8.76,High
Windows,140.1,0,1,71.7,1,0,1,6.66,Medium
Linux,101.4,0,1,20.6,0,1,3,8.72,High
Windows,149.4,1,1,65.6,0,1,2,7.05,High
Windows,158.1,0,1,64.5,1,1,2,7.36,High
Windows,201.5,0,1,178.9,1,0,2,6.34,Medium
Windows,15.7,1,1,4.7,1,0,0,0.24,Low
Linux,298.4,0,0,56.0,1,1,2,9.15,High
Windows,47.1,0,0,72.2,1,1,3,7.7,High
Linux,90.7,1,1,25.8,1,0,1,2.17,Low
Linux,105.9,1,1,40.8,1,1,2,3.75,Low
macOS,146.5,1,0,186.8,1,0,3,6.56,Medium
Windows,70.4,1,0,105.5,0,1,1,6.54,Medium
Windows,111.6,1,1,35.7,1,1,4,4.49,Medium
Windows,96.1,1,0,5.7,1,1,1,3.54,Low
macOS,33.6,1,1,35.4,0,1,3,4.06,Medium
Windows,112.3,0,1,118.7,1,0,3,7.45,High
Linux,226.3,1,1,108.4,1,0,2,4.8,Medium
macOS,213.0,1,1,24.0,1,0,1,4.03,Medium
Windows,74.8,1,1,24.0,0,0,3,3.91,Low
macOS,176.6,1,0,109.6,0,1,2,7.78,High
Windows,85.5,1,0,69.5,1,1,2,4.06,Medium
Linux,81.4,0,0,66.8,0,1,1,9.98,High
Windows,45.8,0,1,115.9,0,1,3,7.56,High
Linux,52.7,0,0,65.3,0,0,1,7.68,High
macOS,59.7,1,1,11.6,0,1,0,4.68,Medium
Linux,230.7,1,1,47.5,1,0,1,3.63,Low
Windows,121.0,1,0,41.0,1,1,0,4.08,Medium
macOS,378.6,1,1,74.3,0,1,2,7.88,High
Windows,138.9,1,0,24.1,1,0,3,6.14,Medium
macOS,176.7,0,1,144.1,1,1,0,6.43,Medium
Windows,181.0,0,1,6.4,0,1,0,7.62,High
Windows,143.9,1,1,95.7,1,0,1,3.25,Low
Windows,14.1,1,0,18.4,1,0,2,2.3,Low
Windows,36.4,1,1,57.2,1,0,2,1.93,Low
Windows,19.9,1,1,31.4,0,0,1,2.41,Low
macOS,96.9,1,0,54.8,0,1,5,8.45,High
Windows,291.4,1,0,223.0,1,1,5,7.41,High
macOS,69.6,0,1,265.5,0,1,1,7.92,High
Windows,331.1,1,0,28.6,0,1,2,8.3,High
macOS,44.3,1,1,66.7,1,0,2,1.22,Low
macOS,627.0,1,0,131.9,1,0,2,5.24,Medium
Windows,265.7,0,1,54.0,1,1,2,7.22,High
macOS,107.7,1,0,122.8,1,0,2,4.02,Medium
Linux,70.4,1,0,123.9,0,0,2,4.56,Medium
macOS,290.3,0,0,70.5,0,1,0,10.0,High
Windows,51.5,1,0,121.8,1,1,1,3.4,Low
Windows,95.5,1,0,13.3,0,1,3,8.08,High
macOS,129.5,0,0,183.3,1,1,4,9.36,High
Windows,85.2,1,1,37.6,1,1,1,3.47,Low
macOS,141.6,1,0,40.2,1,0,2,4.89,Medium
Windows,160.0,0,1,187.2,1,1,1,6.48,Medium
macOS,218.9,1,0,97.6,1,1,3,6.56,Medium
Windows,150.0,0,1,190.4,1,1,0,6.55,Medium
Windows,13.2,1,0,70.7,1,1,0,2.39,Low
Linux,55.9,1,0,34.9,0,1,1,5.84,Medium
Linux,55.3,0,1,31.3,1,1,2,4.95,Medium
Linux,22.5,1,0,27.6,1,1,1,2.93,Low
Linux,460.6,0,0,64.0,1,1,3,10.0,High
Windows,90.3,0,1,30.2,0,0,1,6.0,Medium
Windows,93.6,1,1,53.3,1,1,0,3.1,Low
Windows,43.8,1,1,27.8,1,0,1,1.3,Low
Windows,34.7,1,1,30.8,1,0,0,1.34,Low
Windows,67.6,1,1,25.2,1,1,1,2.71,Low
Linux,67.0,0,1,1.4,1,0,1,3.48,Low
Windows,30.3,1,1,98.3,0,0,2,3.22,Low
Windows,10.9,1,1,74.9,1,0,0,0.88,Low
Windows,61.8,0,1,89.5,0,1,3,7.63,High
Windows,88.2,0,0,38.8,1,1,1,7.01,High
Windows,290.3,0,1,104.1,1,0,2,7.07,High
macOS,83.4,1,0,148.3,0,1,3,7.63,High
Windows,160.7,1,1,82.3,0,1,4,8.62,High
macOS,91.2,0,0,86.9,0,1,1,10.0,High
Linux,64.1,1,0,77.6,0,1,2,6.46,Medium
macOS,185.1,1,1,219.8,1,0,2,4.2,Medium
macOS,179.9,1,1,26.4,1,1,3,5.96,Medium
Windows,97.5,0,1,62.4,1,1,4,7.75,High
Windows,30.4,1,1,15.8,0,1,5,4.87,Medium
Windows,682.4,1,0,34.1,0,1,6,9.41,High
Linux,170.3,1,0,110.2,1,0,0,4.71,Medium
macOS,107.8,1,1,93.0,1,1,3,5.69,Medium
Windows,46.2,1,1,32.7,0,1,1,3.69,Low
Windows,27.6,0,1,32.7,1,1,0,4.29,Medium
macOS,192.2,0,1,135.9,1,0,3,8.67,High
macOS,38.8,1,1,7.9,1,0,1,0.32,Low
macOS,37.4,1,1,87.4,1,0,3,1.91,Low
Linux,56.2,1,1,52.0,1,1,1,2.37,Low
macOS,258.9,0,1,139.1,1,0,5,8.95,High
macOS,53.7,1,0,46.9,1,0,0,2.56,Low
Windows,319.4,1,1,231.9,0,0,1,5.48,Medium
Windows,441.6,0,1,53.7,1,1,2,7.34,High
Linux,199.6,0,0,319.5,0,1,1,10.0,High
macOS,192.0,0,0,36.7,1,0,1,8.74,High
Windows,42.9,1,0,14.5,0,1,1,6.01,Medium
macOS,38.8,1,1,28.3,1,1,1,1.83,Low
Windows,58.4,1,0,223.3,0,1,5,6.73,Medium
macOS,68.9,1,1,12.8,1,0,1,1.19,Low
Windows,244.4,0,1,29.8,1,1,1,6.89,Medium
macOS,21.6,0,0,73.1,1,1,0,6.08,Medium
Windows,162.5,1,1,19.9,1,0,0,2.99,Low
Windows,37.2,0,1,21.5,1,1,0,4.5,Medium
Windows,128.3,1,1,28.6,0,1,0,5.25,Medium
macOS,107.1,1,0,34.3,1,0,1,3.5,Low
Windows,25.5,0,1,54.7,1,0,1,3.18,Low
Windows,194.7,1,0,21.1,1,1,4,6.85,Medium
macOS,162.7,1,1,29.3,0,1,3,7.15,High
Windows,89.9,1,0,46.3,1,0,1,3.87,Low
Windows,133.6,0,0,114.4,1,1,1,8.62,High
Windows,138.6,0,0,123.5,1,1,0,8.69,High
Linux,13.6,1,0,46.5,1,0,2,2.43,Low
Windows,105.8,1,0,9.9,0,0,1,4.7,Medium
Windows,167.5,0,0,133.8,0,1,2,10.0,High
Windows,223.1,0,0,148.1,1,0,0,8.52,High
Windows,197.6,0,0,30.6,0,0,2,10.0,High
Windows,60.3,1,1,48.3,1,0,0,0.7,Low
Windows,103.0,1,1,17.9,0,1,2,4.82,Medium
Windows,87.9,0,0,70.6,0,1,7,10.0,High
Windows,47.5,1,0,48.6,0,0,0,3.97,Low
Linux,105.7,1,0,54.6,1,1,1,3.55,Low
Windows,11.3,1,0,39.8,1,1,3,3.81,Low
Windows,159.5,1,1,51.5,1,0,3,5.81,Medium
Linux,532.1,1,0,87.8,0,1,3,9.82,High
Linux,25.3,1,0,42.5,1,1,2,3.52,Low
macOS,77.4,1,1,102.9,1,0,1,2.69,Low
Windows,60.2,1,1,63.0,1,0,2,1.92,Low
Windows,121.8,1,1,44.4,1,0,0,3.01,Low
Windows,269.1,1,0,16.2,0,0,2,6.4,Medium
Windows,86.1,1,1,20.4,0,1,2,4.94,Medium
Windows,167.5,0,1,129.8,0,1,4,10.0,High
macOS,51.6,1,0,29.3,1,0,0,2.29,Low
Windows,118.9,1,1,65.1,1,1,2,3.67,Low
macOS,22.3,1,1,25.2,1,0,2,1.56,Low
Windows,169.9,1,0,74.8,0,1,1,7.29,High
Windows,91.3,1,0,100.2,1,0,2,3.5,Low
macOS,92.6,1,1,18.9,1,1,0,2.4,Low
Linux,103.8,1,1,45.5,1,1,0,3.26,Low
Windows,255.9,0,1,97.7,1,0,6,8.89,High
macOS,70.8,0,0,12.7,0,1,2,9.59,High
Windows,30.2,0,1,60.4,1,0,0,3.17,Low
Windows,50.1,0,1,7.2,1,0,3,4.51,Medium
macOS,210.0,1,1,89.1,1,0,1,3.4,Low
Windows,113.6,0,0,50.3,0,0,3,10.0,High
Windows,75.5,0,1,7.0,0,0,0,5.23,Medium
Windows,268.7,0,0,200.9,0,1,5,10.0,High
Windows,118.8,1,0,182.4,0,1,2,7.04,High
Windows,55.7,1,1,16.3,0,1,0,3.94,Low
Windows,49.1,1,1,54.7,1,1,0,2.16,Low
Linux,40.1,1,0,39.2,0,0,0,3.85,Low
macOS,151.6,0,1,113.3,0,1,6,10.0,High
Windows,142.3,0,0,165.0,1,0,1,7.02,High
Windows,150.6,0,1,64.0,1,0,0,5.95,Medium
macOS,68.0,0,0,136.5,1,0,4,7.73,High
Windows,74.5,1,1,170.5,0,0,1,3.54,Low
Windows,156.0,0,0,128.3,0,1,2,10.0,High
macOS,92.6,1,0,64.2,1,0,2,4.05,Medium
Windows,73.7,0,1,54.1,1,0,3,5.16,Medium
Windows,103.3,0,1,53.3,1,1,7,7.69,High
Windows,53.2,0,0,46.0,1,0,2,6.2,Medium
Windows,97.3,1,1,85.0,0,1,3,7.09,High
Windows,195.7,0,1,43.8,1,1,1,7.16,High
Linux,28.5,0,1,116.5,0,1,1,6.63,Medium
Windows,43.4,1,1,20.4,0,1,2,4.12,Medium
macOS,62.9,1,1,35.5,0,0,0,3.26,Low
macOS,68.0,0,1,16.5,1,0,0,4.0,Low
Windows,124.6,0,0,18.3,1,0,1,8.0,High
Windows,40.9,1,1,62.3,1,1,2,1.9,Low
Windows,16.5,1,1,25.4,0,0,0,2.24,Low
macOS,66.7,1,1,124.4,1,0,1,1.65,Low
Windows,160.1,0,0,26.2,0,0,2,9.94,High
macOS,60.4,1,1,116.1,1,1,0,3.25,Low
Linux,110.0,1,1,58.8,0,0,1,4.66,Medium
macOS,20.0,1,1,42.1,1,1,0,1.62,Low
Linux,45.0,1,0,62.8,1,1,1,2.77,Low
macOS,142.5,1,0,93.8,0,1,3,9.25,High
Linux,47.2,1,1,16.8,1,0,0,1.22,Low
macOS,335.6,0,0,177.4,0,1,1,10.0,High
macOS,206.5,0,1,140.3,0,0,3,9.33,High
macOS,22.4,1,1,7.3,1,0,1,0.82,Low
Linux,179.7,1,1,34.0,1,0,1,3.81,Low
Windows,117.2,1,0,15.6,0,0,1,5.72,Medium
macOS,147.3,1,1,59.4,1,1,1,3.76,Low
Windows,370.4,0,1,13.7,1,1,0,6.38,Medium
Linux,63.0,1,1,54.0,1,0,2,2.08,Low
Windows,80.6,1,1,73.9,1,1,1,3.1,Low
macOS,239.4,1,1,62.9,0,0,1,5.48,Medium
macOS,263.2,0,0,168.0,1,1,0,9.12,High
Linux,92.2,1,0,119.4,0,0,1,5.44,Medium
Windows,19.5,1,1,29.3,1,1,1,0.85,Low
macOS,83.7,1,0,85.0,1,0,1,4.11,Medium
macOS,57.1,1,0,66.7,1,0,3,4.61,Medium
Linux,75.9,0,1,79.1,1,0,2,4.85,Medium
Linux,102.3,0,0,16.6,1,1,1,8.48,High
macOS,224.8,1,1,40.0,1,1,1,4.86,Medium
macOS,213.7,0,1,81.0,1,1,1,7.51,High
Windows,320.3,1,1,121.9,1,0,4,5.7,Medium
Linux,40.4,1,1,28.1,0,0,4,2.96,Low
Windows,121.2,1,1,32.9,0,1,2,5.66,Medium
macOS,54.4,1,0,47.4,1,0,2,2.8,Low
macOS,60.1,1,1,22.3,1,1,1,1.61,Low
Windows,112.6,0,1,89.5,0,1,1,7.99,High
Windows,19.4,1,1,39.2,1,0,3,1.94,Low
Windows,85.9,1,1,11.4,1,1,1,3.02,Low
Linux,59.1,1,0,38.8,0,0,3,4.29,Medium
Windows,98.0,1,0,11.2,1,0,2,4.72,Medium
Windows,81.7,0,0,73.1,0,1,6,10.0,High
macOS,145.4,1,0,25.7,1,1,2,4.61,Medium
Windows,105.4,0,1,15.9,1,1,5,6.36,Medium
Linux,170.8,0,0,82.4,1,1,3,9.91,High
Windows,313.0,0,1,114.2,0,1,1,9.96,High
Windows,48.7,1,1,36.5,0,1,2,4.42,Medium
Windows,71.0,1,1,84.0,1,0,0,2.14,Low
Windows,110.8,0,0,21.9,1,1,0,7.72,High
Windows,250.6,1,1,6.1,1,1,2,3.65,Low
macOS,116.1,0,1,18.9,0,1,0,6.83,Medium
Windows,230.0,1,0,87.3,1,1,3,6.09,Medium
Windows,178.7,0,0,69.2,0,0,4,10.0,High
Windows,183.2,1,0,27.1,1,1,2,5.83,Medium
Windows,40.7,0,1,66.0,0,1,5,7.4,High
Linux,85.4,1,1,79.5,0,0,1,3.06,Low
Windows,125.3,0,1,161.5,1,1,2,6.74,Medium
Linux,119.5,1,1,46.0,0,0,1,4.78,Medium
Windows,142.7,0,0,65.5,1,0,1,7.51,High
Windows,48.5,0,1,21.1,1,0,3,3.64,Low
Windows,97.5,0,1,80.0,1,1,1,5.98,Medium
Windows,104.0,0,1,67.8,1,0,0,4.31,Medium
macOS,239.5,1,1,12.4,1,0,2,3.17,Low
Windows,215.1,0,0,14.8,1,0,3,10.0,High
Windows,108.8,1,1,10.2,1,0,1,2.01,Low
macOS,331.8,0,0,57.8,0,1,1,10.0,High
macOS,182.3,0,1,109.9,0,0,3,9.06,High
Linux,270.0,0,1,255.0,0,1,3,10.0,High
Linux,229.2,0,0,68.4,1,0,1,8.7,High
macOS,190.7,1,1,67.9,1,1,1,5.14,Medium
macOS,249.4,1,1,63.2,0,1,1,6.82,Medium
macOS,97.3,0,0,71.9,1,1,3,8.8,High
Windows,244.9,1,1,118.3,1,0,0,3.98,Low
macOS,146.2,0,0,206.9,1,0,2,7.99,High
Windows,178.8,0,0,109.7,0,0,6,10.0,High
macOS,22.7,1,0,11.3,1,0,1,1.79,Low
Linux,114.0,0,0,73.1,1,1,1,7.55,High
Windows,59.4,1,1,125.1,0,1,1,5.2,Medium
macOS,92.7,1,1,49.3,1,0,0,2.51,Low
Linux,109.9,0,0,56.8,1,1,4,9.28,High
Windows,83.9,1,0,29.0,1,1,1,4.43,Medium
Windows,115.9,1,1,23.6,1,1,1,2.75,Low
Linux,104.9,1,0,40.9,1,0,0,3.73,Low
Linux,78.4,1,1,59.1,1,1,2,2.06,Low
Windows,326.3,1,0,45.1,1,0,3,6.31,Medium
Windows,67.0,1,1,40.7,1,1,1,1.69,Low
macOS,131.1,0,0,96.8,1,0,1,7.51,High
Windows,94.1,1,1,54.7,1,0,1,2.79,Low
Windows,108.8,0,1,136.2,0,1,4,9.98,High
Windows,103.1,1,1,23.1,1,1,2,2.7,Low
Windows,89.3,0,1,29.6,0,0,2,6.18,Medium
macOS,65.4,1,1,9.9,1,0,3,1.96,Low
macOS,98.6,1,0,81.2,0,0,1,4.63,Medium
macOS,209.4,1,0,77.8,0,1,1,8.0,High
macOS,102.2,1,1,14.3,1,0,1,2.22,Low
Windows,189.4,1,0,42.6,0,0,7,8.01,High
Windows,82.5,0,0,87.3,1,1,2,8.43,High
Windows,194.2,1,1,34.0,0,0,3,6.58,Medium
Windows,71.3,1,0,19.2,1,1,2,3.27,Low
Windows,82.1,1,1,103.0,0,1,1,5.68,Medium
Windows,67.8,0,0,41.1,1,1,1,7.49,High
Windows,60.3,1,0,53.9,0,0,2,3.59,Low
Windows,206.2,1,0,150.5,1,0,2,4.34,Medium
macOS,104.1,1,0,142.6,1,1,2,4.47,Medium
macOS,56.3,1,1,217.0,0,1,3,4.95,Medium
Linux,148.7,0,0,104.8,1,1,1,8.79,High
macOS,503.9,0,1,122.2,1,1,4,8.67,High
macOS,75.5,1,0,17.4,0,1,2,6.28,Medium
Windows,17.2,1,1,21.1,1,1,2,1.75,Low
macOS,349.1,1,1,122.6,1,1,2,4.18,Medium
Windows,56.2,1,1,53.8,0,1,5,5.13,Medium
Windows,85.0,0,0,64.6,1,1,0,7.98,High
Windows,32.0,0,1,27.1,1,1,1,4.18,Medium
Windows,264.4,1,1,74.7,0,1,0,7.11,High
Windows,100.6,0,0,91.8,1,0,1,8.25,High
macOS,59.2,1,1,74.0,1,0,0,2.36,Low
macOS,7.2,1,1,31.2,0,0,2,2.37,Low
macOS,171.8,0,0,144.0,0,0,2,9.73,High
macOS,91.4,1,0,67.5,1,0,0,3.7,Low
Windows,145.8,1,0,36.1,1,0,0,4.68,Medium
Windows,51.8,1,1,6.2,1,1,1,1.77,Low
macOS,123.0,1,1,56.4,1,1,1,4.48,Medium
Windows,148.9,1,1,26.5,1,0,5,5.26,Medium
Windows,137.0,0,1,30.8,1,1,2,6.22,Medium
Windows,68.9,1,1,52.7,1,1,1,3.2,Low
Linux,187.2,0,1,2.7,0,1,5,10.0,High
macOS,234.7,1,1,103.3,0,0,5,7.91,High
Windows,19.5,1,0,29.0,1,0,0,1.09,Low
macOS,146.3,0,1,113.5,1,0,0,6.04,Medium
Windows,199.6,0,0,53.8,1,1,4,10.0,High
Windows,31.0,1,1,3.9,0,0,0,1.78,Low
Windows,225.2,0,1,16.1,1,1,1,6.45,Medium
Windows,33.1,1,1,24.9,1,0,2,1.08,Low
macOS,106.5,1,1,79.2,0,0,2,4.88,Medium
Windows,64.5,1,1,25.3,0,1,3,4.44,Medium
macOS,39.5,1,1,21.5,1,0,2,0.7,Low
Windows,136.2,0,1,167.4,0,1,6,10.0,High
macOS,86.4,1,1,6.5,1,0,4,2.97,Low
macOS,68.4,1,0,75.0,1,0,0,2.6,Low
macOS,186.3,1,1,58.9,1,0,0,3.97,Low
macOS,24.9,1,1,67.9,1,0,2,1.62,Low
Linux,95.3,1,0,243.4,0,0,3,7.4,High
Windows,299.1,1,0,22.6,1,1,1,5.88,Medium
macOS,92.8,1,0,108.8,0,0,1,4.61,Medium
macOS,101.5,0,1,78.8,1,1,3,7.22,High
Windows,52.3,1,0,10.9,1,0,0,2.21,Low
Windows,67.0,0,0,46.9,1,1,1,8.03,High
Windows,62.5,1,0,45.1,1,1,3,3.19,Low
Windows,117.2,1,0,70.5,1,0,2,3.69,Low
Windows,26.7,1,1,22.6,0,0,1,2.77,Low
Windows,60.4,1,0,116.7,1,0,1,3.55,Low
macOS,50.8,1,0,20.0,0,1,1,5.5,Medium
Windows,146.6,1,0,31.6,0,0,2,5.89,Medium
macOS,154.1,1,1,51.7,1,0,2,3.93,Low
Windows,137.2,1,1,51.8,0,0,0,4.65,Medium
macOS,122.9,1,0,32.5,1,1,2,5.52,Medium
Windows,55.3,1,1,55.9,1,0,3,2.6,Low
Windows,123.6,1,1,58.3,1,0,2,3.32,Low
Windows,172.9,0,0,15.5,0,0,2,10.0,High
macOS,145.2,1,0,74.1,0,1,4,9.26,High
Windows,57.7,1,0,17.7,0,0,3,4.25,Medium
Linux,80.8,0,1,149.9,1,0,0,4.84,Medium
Windows,63.0,1,1,20.4,0,1,3,4.84,Medium
macOS,245.0,0,1,155.5,1,0,1,6.24,Medium
Windows,159.5,1,1,113.2,1,1,4,5.97,Medium
macOS,162.5,1,0,106.1,0,0,2,6.1,Medium
Windows,90.6,1,1,49.3,0,0,2,3.95,Low
Windows,32.6,0,1,42.9,0,0,0,5.77,Medium
Windows,75.3,0,1,15.9,1,0,2,4.38,Medium
Windows,172.4,1,0,116.2,0,1,2,8.0,High
Windows,89.8,0,0,139.0,0,1,4,10.0,High
Linux,37.8,0,1,86.2,1,0,1,4.15,Medium
Windows,238.1,0,0,105.6,1,0,2,8.82,High
Windows,194.4,0,0,78.0,0,0,1,10.0,High
Linux,89.9,0,0,175.3,0,0,2,9.4,High
Windows,106.7,1,0,167.3,0,1,2,7.06,High
Windows,46.5,1,1,34.7,1,0,0,1.3,Low
macOS,109.3,1,0,56.9,0,1,2,6.88,Medium
Linux,277.0,1,1,44.1,0,0,4,6.84,Medium
macOS,149.7,0,1,224.7,0,0,6,9.5,High
Windows,117.1,0,0,27.2,1,0,0,7.01,High
Linux,73.6,1,0,40.6,1,1,2,4.13,Medium
Windows,197.7,0,1,126.6,1,1,4,9.56,High
Linux,39.2,0,1,55.6,1,0,1,3.68,Low
macOS,53.4,1,1,52.0,0,1,0,5.23,Medium
Linux,150.4,1,1,86.8,1,0,3,5.52,Medium
Windows,60.1,1,1,51.9,0,1,0,4.34,Medium
Windows,84.4,1,1,48.7,1,1,2,3.23,Low
macOS,257.8,1,0,50.4,0,0,5,8.92,High
Windows,206.6,1,0,96.0,1,1,1,6.0,Medium
Windows,314.5,0,1,46.0,0,0,2,8.57,High
Linux,116.7,1,1,15.0,0,0,2,3.95,Low
macOS,48.4,1,1,6.9,1,1,0,1.09,Low
Windows,17.6,1,1,21.9,1,0,1,0.84,Low
Windows,255.2,1,0,125.8,1,0,3,6.55,Medium
Windows,160.3,0,1,39.2,1,1,2,6.65,Medium
Windows,32.7,1,1,19.8,1,0,0,0.63,Low
Windows,240.1,1,1,46.8,0,1,0,6.3,Medium
macOS,268.1,1,0,48.6,0,1,2,8.28,High
macOS,120.5,0,1,87.2,1,0,1,5.36,Medium
Windows,87.3,1,0,23.5,0,0,1,5.07,Medium
Windows,106.8,1,0,141.6,0,0,1,4.98,Medium
macOS,148.5,0,1,56.9,1,1,2,6.75,Medium
macOS,17.2,1,1,30.9,0,1,0,3.1,Low
Linux,280.8,1,1,97.5,1,0,3,5.96,Medium
Windows,171.6,1,1,17.4,1,1,2,4.1,Medium
macOS,22.4,1,1,29.1,1,1,1,1.1,Low
Windows,62.9,1,1,129.1,1,1,2,2.83,Low
Windows,72.4,1,0,83.3,1,0,1,2.74,Low
Linux,132.7,0,0,127.8,1,1,1,7.83,High
Windows,53.2,0,0,31.9,0,0,0,8.05,High
Windows,36.7,1,1,55.1,1,1,0,1.52,Low
Windows,54.1,1,1,31.5,1,1,0,2.12,Low
Windows,339.4,0,0,72.5,0,1,3,10.0,High
Windows,109.7,1,1,161.9,0,0,0,3.87,Low
macOS,160.8,1,0,12.2,0,1,2,7.85,High
Windows,43.8,1,0,54.1,1,0,2,2.62,Low
Windows,61.7,1,1,17.0,1,1,4,2.75,Low
Linux,85.5,0,0,92.5,1,0,1,6.41,Medium
Windows,310.3,0,0,83.7,0,1,4,10.0,High
Linux,26.5,1,1,8.2,0,0,2,2.44,Low
Windows,337.6,1,0,80.5,0,1,2,8.96,High
macOS,114.9,0,1,65.2,1,0,2,4.93,Medium
Windows,113.2,1,0,66.6,0,1,1,6.42,Medium
macOS,480.0,0,0,55.0,0,1,1,10.0,High
Windows,76.9,0,1,30.3,0,1,4,8.17,High
Linux,49.4,1,1,4.2,1,0,0,0.89,Low
Windows,60.2,0,1,65.9,0,1,4,8.48,High
macOS,79.1,0,0,69.9,0,1,1,9.83,High
Windows,23.4,1,0,80.2,0,1,1,5.07,Medium
Windows,166.3,1,0,103.8,1,0,4,5.76,Medium
Windows,222.9,1,0,17.4,0,1,2,8.23,High
Windows,152.2,0,1,92.7,1,0,0,6.61,Medium
Windows,57.6,1,1,81.1,1,0,0,1.53,Low
macOS,172.6,1,0,61.3,1,1,1,5.19,Medium
Windows,329.2,1,1,117.9,0,1,7,8.43,High
Windows,89.1,0,1,44.6,1,1,3,5.94,Medium
Windows,40.5,1,0,56.9,1,0,2,2.65,Low
Windows,165.3,0,1,47.9,1,1,3,8.58,High
Windows,68.4,0,1,67.0,1,1,4,5.79,Medium
macOS,9.8,1,1,11.3,1,0,2,0.71,Low
Windows,113.9,1,1,44.1,1,1,2,3.56,Low
Linux,44.1,0,0,87.7,1,0,1,6.45,Medium
Windows,69.0,1,1,41.2,0,0,1,3.45,Low
Windows,185.9,1,1,116.0,0,1,2,7.47,High
Linux,283.5,0,0,240.8,1,1,0,9.67,High
Windows,208.7,0,1,138.0,0,1,5,10.0,High
Windows,42.5,0,1,62.0,1,0,4,5.56,Medium
Linux,206.4,1,0,58.2,1,0,1,4.53,Medium
Linux,73.6,0,1,141.9,1,1,1,5.01,Medium
macOS,203.5,0,0,44.5,1,1,2,9.94,High
Windows,18.8,1,1,33.3,1,1,0,0.93,Low
macOS,345.4,1,1,181.0,1,1,3,6.95,Medium
Linux,270.0,0,0,97.6,1,1,2,9.3,High
Linux,43.9,1,1,18.6,1,1,0,1.5,Low
Windows,189.1,1,0,108.2,0,1,2,7.85,High
Windows,151.5,1,1,25.2,1,0,1,3.28,Low
Windows,80.1,0,1,85.1,1,0,1,5.59,Medium
Windows,155.1,0,0,19.4,0,0,1,10.0,High
macOS,162.7,1,1,110.1,1,1,1,5.28,Medium
Windows,39.9,0,1,90.6,0,0,3,6.92,Medium
Windows,269.0,1,0,117.4,1,0,2,5.02,Medium
Windows,29.0,0,1,18.2,1,0,2,3.18,Low
Windows,28.8,1,1,26.5,1,1,0,1.48,Low
Windows,8.1,1,1,10.1,1,0,1,0.63,Low
Windows,168.6,0,0,92.7,1,1,1,8.51,High
Windows,90.8,0,1,44.3,1,1,1,5.7,Medium
Linux,41.1,0,1,20.9,1,0,1,3.23,Low
Windows,143.6,0,1,164.7,0,1,1,8.69,High
Windows,514.5,1,0,52.7,1,0,3,6.8,Medium
Windows,81.3,1,1,25.3,1,0,1,2.21,Low
Windows,86.2,0,1,104.8,1,1,0,5.36,Medium
Windows,201.0,0,0,32.4,1,1,2,9.6,High
Windows,16.0,1,1,47.2,1,0,3,1.86,Low
Windows,108.6,1,1,65.7,1,1,2,3.49,Low
Windows,197.0,1,1,61.6,0,0,5,7.73,High
macOS,145.2,0,0,18.5,0,1,6,10.0,High
Windows,146.7,1,1,96.9,1,1,1,4.26,Medium
Windows,219.5,0,1,35.2,1,0,1,6.79,Medium
macOS,120.9,1,1,29.6,1,1,2,3.61,Low
Windows,281.1,1,1,59.2,1,0,3,6.36,Medium
Windows,333.1,1,1,60.4,1,1,2,4.8,Medium
Windows,84.0,1,0,50.3,1,0,2,3.46,Low
Windows,99.1,1,0,100.8,0,1,0,5.55,Medium
Windows,133.4,1,1,168.3,1,1,1,3.59,Low
Linux,54.8,0,1,179.6,0,1,6,7.92,High
Linux,223.3,0,0,83.0,0,0,0,10.0,High
Linux,164.9,0,1,98.1,1,0,1,6.23,Medium
Windows,28.2,1,0,94.8,0,1,3,5.07,Medium
Windows,161.0,1,0,72.2,1,0,0,4.6,Medium
Windows,176.4,1,1,58.3,1,1,2,4.24,Medium
Windows,176.0,0,0,95.5,1,1,1,8.58,High
Windows,170.5,1,1,208.7,0,1,4,8.3,High
Windows,419.4,1,0,30.7,1,0,6,7.06,High
Windows,16.8,1,1,26.3,1,1,2,1.24,Low
Windows,178.4,0,0,19.0,0,1,5,10.0,High
Windows,154.2,1,0,23.2,1,0,1,4.84,Medium
macOS,386.8,0,0,19.2,0,0,3,10.0,High
Windows,158.5,1,1,38.9,1,0,2,4.49,Medium
Linux,65.3,0,1,174.3,1,1,3,5.63,Medium
Windows,170.6,1,1,145.1,1,0,1,4.7,Medium
Windows,134.0,0,1,37.9,1,0,1,5.8,Medium
Windows,51.4,1,0,108.4,1,0,6,3.36,Low
Windows,15.7,1,0,8.3,0,0,3,3.49,Low
Windows,14.1,0,1,38.0,1,0,1,3.49,Low
Windows,25.7,1,0,114.9,1,1,0,2.04,Low
macOS,33.5,0,0,12.8,1,0,2,6.31,Medium
Windows,58.8,0,1,41.3,1,1,2,4.91,Medium
Windows,54.1,0,1,50.5,1,0,1,4.79,Medium
Linux,190.6,0,0,57.5,1,1,2,9.22,High
Windows,81.7,0,0,78.9,1,0,2,7.43,High
macOS,99.3,0,1,10.4,1,0,1,4.13,Medium
Windows,181.6,1,0,64.4,0,1,1,8.15,High
Windows,97.7,1,0,46.2,1,0,3,5.64,Medium
Windows,281.6,0,1,21.6,1,1,2,6.49,Medium
Windows,264.6,0,1,45.8,0,1,4,10.0,High
macOS,19.0,1,0,5.2,1,0,2,3.37,Low
Windows,131.3,0,1,68.7,1,1,1,6.04,Medium
Windows,79.8,0,0,50.0,1,0,0,6.24,Medium
Windows,58.3,1,1,41.5,1,0,1,1.95,Low
Linux,42.1,1,1,21.3,0,0,1,2.24,Low
macOS,144.3,1,1,101.8,0,0,2,5.41,Medium
Linux,89.4,1,0,29.3,0,0,2,5.34,Medium
macOS,263.8,1,0,29.9,0,1,0,7.19,High
macOS,79.1,0,1,12.9,1,1,1,4.11,Medium
Windows,259.4,1,0,127.7,1,0,4,7.11,High
Linux,140.2,0,1,83.1,1,1,3,8.69,High
Windows,126.4,0,1,63.0,0,1,2,8.63,High
Windows,74.2,1,0,117.9,0,1,3,6.87,Medium
macOS,73.0,1,0,43.7,0,0,1,5.2,Medium
Windows,297.7,0,0,423.1,0,1,2,10.0,High
Windows,48.4,1,1,66.3,0,0,0,3.22,Low
Windows,61.2,1,1,25.0,1,0,1,1.93,Low
Windows,178.3,0,0,33.6,1,0,1,9.12,High
macOS,166.5,0,0,132.9,1,0,1,7.66,High
Windows,157.0,1,1,115.5,1,0,0,3.64,Low
macOS,31.7,1,1,9.5,1,0,0,0.18,Low
Windows,138.5,1,1,60.1,1,1,1,3.7,Low
macOS,188.8,1,1,117.2,1,1,4,6.63,Medium
Windows,85.4,0,0,193.9,1,1,1,7.58,High
Linux,360.4,0,1,47.6,1,1,2,7.23,High
Windows,21.4,0,1,37.7,1,1,2,4.19,Medium
Windows,36.7,1,1,52.8,0,1,0,4.17,Medium
Windows,201.0,1,1,50.5,1,1,3,6.15,Medium
Windows,155.3,0,1,124.4,0,0,4,9.99,High
Windows,76.4,1,1,50.7,1,1,2,3.28,Low
macOS,45.4,1,1,25.2,1,0,0,0.81,Low
Linux,161.8,1,0,130.3,1,0,3,6.0,Medium
macOS,144.2,0,1,30.2,1,1,4,8.09,High
Windows,432.2,0,0,105.5,0,1,4,10.0,High
Windows,54.0,0,1,22.8,0,1,2,7.11,High
macOS,10.2,1,1,12.6,1,1,0,0.86,Low
macOS,136.5,0,0,52.7,1,1,3,10.0,High
Windows,86.8,1,0,60.4,0,0,2,5.45,Medium
Linux,362.4,1,0,106.5,0,1,4,9.66,High
Windows,45.1,0,0,32.9,1,1,1,7.68,High
macOS,233.9,0,0,100.1,0,0,0,9.74,High
Linux,67.5,1,1,9.8,1,0,2,1.38,Low
macOS,102.9,0,1,24.9,0,1,1,7.76,High
Windows,39.0,1,0,79.5,1,0,1,2.41,Low
macOS,157.3,1,0,84.1,0,1,4,9.15,High
Windows,134.0,1,1,48.1,1,1,1,3.95,Low
macOS,85.7,0,0,31.8,1,0,0,6.41,Medium
Windows,147.9,1,0,76.1,1,1,2,4.26,Medium
macOS,50.1,1,0,29.4,1,1,1,3.48,Low
Linux,106.7,1,1,40.5,0,0,2,3.73,Low
Windows,39.7,1,1,29.3,1,1,1,1.64,Low
Windows,143.1,1,1,59.5,1,0,0,3.37,Low
macOS,131.9,0,0,222.9,1,1,2,8.61,High
Windows,58.3,0,1,45.7,0,0,2,6.23,Medium
Windows,45.8,1,0,31.6,1,0,1,2.88,Low
Windows,197.0,0,0,81.5,0,1,3,10.0,High
Windows,122.9,1,0,14.2,1,1,2,4.91,Medium
macOS,223.8,1,0,346.9,1,0,2,4.79,Medium
macOS,9.8,0,1,77.1,0,1,1,6.17,Medium
Windows,222.2,1,0,55.5,1,1,2,7.14,High
Windows,83.6,1,1,20.2,0,1,1,4.85,Medium
Windows,208.7,1,0,37.2,1,0,1,5.35,Medium
Windows,144.6,0,0,170.0,0,0,2,9.31,High
macOS,214.4,0,1,100.8,1,0,5,8.89,High
Windows,14.1,1,1,29.9,1,0,0,0.6,Low
Windows,353.8,0,0,294.8,0,1,3,10.0,High
Linux,28.6,1,0,21.5,1,0,0,2.81,Low
Windows,211.9,1,0,51.6,0,0,2,7.22,High
macOS,175.1,0,0,121.7,1,0,2,8.9,High
Windows,69.3,0,0,23.7,1,0,1,6.93,Medium
Windows,137.2,0,1,20.6,0,1,3,9.5,High
Windows,58.9,0,1,66.5,0,0,4,6.09,Medium
macOS,417.7,0,1,65.2,0,1,1,9.54,High
macOS,57.7,1,0,45.8,1,1,0,3.23,Low
Windows,143.2,0,0,129.0,0,1,2,10.0,High
Windows,160.1,0,0,60.1,0,1,2,10.0,High
Windows,37.5,1,1,36.5,1,0,4,1.62,Low
macOS,108.5,1,0,49.0,1,0,1,2.91,Low
macOS,132.0,0,1,64.0,1,1,2,6.42,Medium
macOS,124.5,0,1,89.2,0,0,1,6.6,Medium
Linux,64.6,0,0,20.0,0,0,1,8.11,High
Windows,130.9,1,1,42.4,1,1,1,3.85,Low
macOS,192.4,1,1,44.9,1,1,0,4.51,Medium
macOS,21.3,1,1,22.7,1,0,0,0.54,Low
Windows,81.8,1,1,42.8,1,0,0,2.27,Low
Linux,88.6,1,1,9.8,1,0,1,2.49,Low
Windows,79.9,0,1,29.7,1,0,0,4.43,Medium
macOS,43.7,1,1,11.3,0,0,0,2.5,Low
macOS,129.2,1,1,26.4,1,1,0,2.99,Low
Linux,122.6,1,1,20.0,1,0,0,2.55,Low
Windows,262.2,0,0,40.0,1,1,3,10.0,High
Windows,132.7,0,1,78.2,0,0,1,7.25,High
macOS,227.9,1,1,33.9,0,0,1,5.19,Medium
macOS,113.9,1,1,93.7,1,0,2,3.82,Low
Windows,62.4,0,0,138.9,1,1,1,7.16,High
macOS,137.4,1,0,61.4,0,1,3,8.8,High
Windows,67.7,0,1,29.9,1,0,0,4.15,Medium
macOS,140.6,0,1,11.6,0,1,2,8.5,High
Linux,82.7,1,1,58.1,0,1,0,5.49,Medium
Windows,135.9,1,0,48.8,1,1,3,6.74,Medium
Windows,130.2,1,0,6.6,1,0,0,4.36,Medium
Linux,79.6,1,1,137.2,1,1,1,3.62,Low
macOS,59.9,1,1,10.7,1,1,1,1.84,Low
Linux,346.5,0,1,186.2,1,1,4,8.44,High
Windows,50.4,0,1,44.1,1,1,1,4.61,Medium
Linux,61.5,1,0,218.6,1,0,1,4.06,Medium
Windows,122.2,1,0,13.0,1,1,0,4.26,Medium
Windows,35.3,1,0,26.1,1,0,0,1.5,Low
Windows,10.0,0,1,25.0,1,0,0,4.04,Medium
macOS,42.6,1,1,2.4,1,0,1,1.1,Low
Linux,35.4,1,0,33.5,1,0,0,1.92,Low
macOS,162.8,1,1,31.6,0,1,0,5.73,Medium
macOS,368.6,0,1,47.7,0,1,5,10.0,High
Windows,103.4,1,0,33.0,0,1,2,6.97,Medium
Windows,57.3,1,1,23.7,1,1,3,2.77,Low
Windows,43.4,1,1,17.5,1,0,0,1.42,Low
Windows,258.7,1,1,106.4,1,1,3,5.73,Medium
Windows,42.0,1,1,39.9,1,0,1,1.1,Low
Linux,178.9,1,0,59.4,0,1,2,8.0,High
macOS,219.0,1,0,95.8,0,1,2,8.48,High
macOS,182.2,1,1,103.7,1,1,1,4.65,Medium
Windows,55.1,1,0,71.6,1,0,6,2.69,Low
Windows,68.7,1,0,28.7,1,1,0,3.69,Low
Windows,18.0,1,0,8.7,1,0,0,0.84,Low
Windows,141.8,1,1,80.5,0,0,3,6.35,Medium
Windows,53.1,0,0,45.7,1,0,3,7.28,High
Windows,87.2,1,0,38.3,1,0,1,3.68,Low
Windows,113.6,0,1,71.4,1,0,2,5.08,Medium
macOS,68.6,0,1,4.4,0,0,0,5.47,Medium
Windows,39.5,1,1,26.6,0,0,0,3.08,Low
Windows,52.5,1,1,18.6,0,1,1,4.5,Medium
Windows,119.1,1,1,40.2,1,0,4,4.55,Medium
Windows,49.9,1,0,8.5,1,1,1,3.4,Low
Windows,181.6,1,0,31.0,0,1,0,7.33,High
Windows,51.0,1,1,81.6,0,0,5,4.66,Medium
macOS,117.3,1,1,166.2,1,0,0,3.62,Low
Windows,88.4,1,1,41.3,1,0,1,2.25,Low
Linux,239.9,0,1,56.0,1,1,2,7.68,High
Windows,55.9,1,1,43.3,1,0,0,2.08,Low
Windows,41.0,1,1,40.1,1,0,0,1.27,Low
Windows,275.2,1,0,149.8,1,0,3,5.61,Medium
Windows,163.5,1,0,28.8,0,1,1,7.59,High
Windows,134.5,0,0,124.2,1,1,3,8.78,High
Linux,116.0,1,1,39.7,1,1,0,3.83,Low
Windows,54.2,1,0,70.6,1,0,0,2.83,Low
macOS,62.2,0,1,78.8,1,1,3,5.43,Medium
Windows,283.7,1,1,195.5,0,1,3,9.01,High
Windows,21.5,1,1,18.7,1,1,0,0.72,Low
Windows,62.3,1,1,61.4,0,0,2,4.29,Medium
Windows,115.7,1,1,31.9,0,1,2,5.85,Medium
Windows,111.0,0,0,17.8,0,0,3,10.0,High
Linux,56.5,1,1,67.3,0,1,4,5.36,Medium
macOS,220.2,1,0,44.6,0,1,0,7.5,High
Linux,165.6,0,0,59.3,0,0,2,10.0,High
Windows,39.8,1,1,15.2,1,1,0,1.08,Low
macOS,57.8,0,1,24.6,1,1,2,4.21,Medium
macOS,58.5,0,1,15.7,1,1,0,4.61,Medium
macOS,133.0,0,0,90.1,1,0,1,8.18,High
Linux,174.8,1,1,144.2,1,1,1,4.33,Medium
macOS,181.0,0,1,70.5,1,0,0,6.55,Medium
Linux,166.8,0,1,25.2,1,1,2,6.66,Medium
macOS,18.1,1,0,8.2,0,1,0,4.44,Medium
Windows,32.0,1,1,22.3,1,0,0,0.99,Low
macOS,136.6,0,1,23.9,1,0,1,5.38,Medium
Windows,43.7,1,0,75.6,0,1,3,6.14,Medium
Linux,140.5,0,0,10.8,1,1,2,8.97,High
macOS,77.9,1,1,137.2,1,1,0,2.57,Low
Windows,180.7,1,0,11.6,1,1,2,5.47,Medium
Windows,86.1,0,0,48.9,0,1,0,9.91,High
Windows,56.3,1,1,52.5,1,1,1,1.77,Low
Windows,104.8,1,1,7.7,1,1,2,2.43,Low
Windows,61.5,0,0,30.6,1,0,2,6.82,Medium
macOS,106.7,1,1,120.5,1,1,2,3.64,Low
macOS,128.3,0,0,63.4,1,1,2,8.98,High
macOS,205.1,1,0,92.4,0,1,0,7.03,High
Windows,129.8,0,1,22.4,0,0,1,6.47,Medium
Windows,45.4,1,1,55.3,1,0,2,2.03,Low
Windows,166.8,1,1,28.3,0,0,0,4.66,Medium
Linux,79.4,0,0,29.9,0,1,1,9.51,High
Windows,39.1,0,1,10.9,1,1,1,3.7,Low
Windows,63.6,1,1,32.2,1,0,1,1.91,Low
Windows,108.4,1,0,74.5,1,0,3,5.12,Medium
macOS,43.9,0,0,32.7,1,0,4,6.83,Medium
Windows,60.0,1,0,49.3,1,1,1,2.9,Low
macOS,45.9,0,1,61.3,1,0,1,5.23,Medium
macOS,46.4,1,1,41.2,1,1,1,2.2,Low
macOS,88.0,0,1,65.0,1,0,1,5.7,Medium
Windows,163.7,0,0,29.0,1,1,2,9.1,High
Windows,110.8,0,1,17.7,1,1,2,5.58,Medium
Windows,24.5,0,1,19.3,0,1,1,6.33,Medium
Windows,135.6,1,1,33.2,1,1,1,3.56,Low
macOS,214.0,1,0,32.4,1,1,4,7.25,High
Windows,165.6,1,1,73.7,1,1,2,4.84,Medium
Windows,140.3,0,1,70.2,1,1,4,8.11,High
Windows,152.2,0,1,71.5,0,0,3,9.07,High
macOS,305.0,1,0,8.3,1,1,1,5.91,Medium
Windows,157.8,1,0,57.8,0,1,3,8.52,High
macOS,169.0,1,1,51.7,1,0,1,4.68,Medium
Windows,652.3,1,0,47.8,1,1,3,7.23,High
Linux,134.5,0,1,9.4,1,0,0,4.82,Medium
macOS,24.4,1,1,29.6,1,0,2,1.64,Low
Windows,74.1,1,0,34.6,1,0,3,3.86,Low
Windows,59.6,1,0,46.7,1,1,0,3.29,Low
Windows,124.9,0,1,37.5,0,0,4,8.44,High
Windows,325.5,1,0,68.6,0,1,1,7.15,High
Windows,10.1,1,1,99.2,1,1,1,1.51,Low
Linux,94.4,1,1,71.9,1,0,2,3.01,Low
macOS,115.8,1,1,46.4,0,0,3,6.06,Medium
Windows,85.4,1,0,117.9,1,0,1,3.35,Low
macOS,114.6,0,1,19.7,1,1,2,5.81,Medium
Windows,113.4,1,1,59.9,1,0,1,3.02,Low
Linux,62.5,0,1,142.4,1,1,1,5.38,Medium
Windows,139.7,1,1,25.0,0,0,1,5.33,Medium
macOS,86.9,0,1,64.9,0,1,0,7.72,High
macOS,61.2,0,1,97.0,1,1,3,5.45,Medium
Windows,163.4,1,0,90.1,1,0,4,6.41,Medium
Windows,77.2,0,1,8.9,0,0,1,5.84,Medium
Windows,109.6,1,1,39.4,1,0,0,2.53,Low
Linux,100.4,0,0,124.1,0,0,4,10.0,High
Windows,162.5,1,1,102.9,0,1,2,7.37,High
macOS,339.2,1,1,65.7,0,1,1,7.82,High
macOS,80.4,1,0,11.9,1,0,2,3.62,Low
macOS,76.6,0,1,24.5,0,1,2,7.38,High
Windows,44.7,1,1,25.5,1,0,3,1.93,Low
Windows,117.2,0,0,59.3,1,1,1,8.19,High
macOS,21.3,1,0,5.5,1,0,0,2.06,Low
Windows,75.5,0,0,36.0,0,1,4,10.0,High
Linux,78.4,1,0,74.2,1,0,0,2.82,Low
Windows,236.5,0,0,97.5,1,0,3,9.79,High
Windows,102.9,1,0,86.6,1,1,0,4.0,Low
macOS,65.7,0,1,39.0,1,0,1,4.44,Medium
Windows,140.0,1,1,99.4,0,0,2,5.6,Medium
Windows,111.5,0,1,66.8,0,0,1,6.83,Medium
Windows,39.4,0,1,17.0,1,0,0,3.19,Low
Windows,183.7,1,1,46.8,1,0,1,3.87,Low
macOS,170.8,1,0,37.2,1,0,6,6.5,Medium
Windows,881.3,1,0,62.8,0,0,4,7.78,High
Windows,67.9,1,1,53.1,1,0,0,1.53,Low
Windows,246.4,1,1,67.7,0,0,0,4.63,Medium
Linux,54.9,1,1,42.0,1,1,0,2.44,Low
Windows,35.1,0,0,54.2,0,1,1,9.11,High
Linux,62.8,0,1,109.1,1,1,2,6.16,Medium
Linux,185.1,0,0,129.3,1,0,2,8.42,High
Windows,21.9,1,1,23.4,1,0,2,1.93,Low
macOS,149.5,1,0,191.0,1,1,1,4.9,Medium
macOS,394.9,0,0,59.1,0,0,1,9.57,High
Windows,11.5,1,0,43.7,0,1,1,4.0,Medium
Windows,181.3,1,0,134.4,0,0,2,6.39,Medium
macOS,64.3,1,1,103.6,0,1,4,6.01,Medium
macOS,416.2,0,1,51.7,1,1,4,8.89,High
macOS,111.4,1,1,61.3,1,0,0,2.74,Low
Linux,63.5,0,0,47.3,0,0,1,8.58,High
Windows,37.5,0,0,20.3,1,1,3,7.22,High
macOS,19.9,1,1,12.5,1,0,0,0.0,Low
Linux,145.8,1,1,8.6,1,0,0,3.24,Low
Windows,17.1,0,1,64.9,1,1,1,3.89,Low
Windows,142.6,1,0,45.2,1,1,0,4.21,Medium
Windows,159.8,0,1,23.6,0,1,0,8.31,High
Linux,128.2,0,0,86.8,0,1,1,10.0,High
Windows,19.1,1,1,29.0,1,0,0,0.52,Low
macOS,118.4,1,1,88.9,0,1,0,5.1,Medium
Windows,76.5,0,1,14.5,1,1,1,4.44,Medium
Windows,78.5,1,0,100.3,1,0,2,3.79,Low
macOS,40.5,1,0,14.3,0,0,0,3.72,Low
Windows,69.4,1,1,67.1,1,1,1,3.28,Low
Linux,108.4,1,1,10.5,1,0,0,2.29,Low
Windows,124.2,1,1,103.8,0,1,0,5.69,Medium
Linux,166.9,0,1,41.3,1,0,3,7.4,High
Windows,124.0,1,1,59.4,1,1,1,3.87,Low
Linux,62.3,1,1,16.0,1,0,0,1.43,Low
macOS,206.9,1,0,10.4,1,0,0,4.85,Medium
Windows,92.0,0,0,52.6,1,1,2,8.02,High
Windows,57.6,1,0,39.8,0,0,1,4.17,Medium
Windows,23.5,1,0,37.7,1,0,2,2.37,Low
macOS,36.6,1,1,27.3,1,0,1,0.93,Low
macOS,254.7,0,1,77.3,0,0,0,7.48,High
Windows,59.1,0,0,82.7,1,0,4,7.55,High
Windows,67.6,1,0,14.0,0,0,1,4.01,Medium
macOS,86.9,1,1,89.5,0,1,1,4.69,Medium
Windows,25.0,0,1,129.8,0,1,2,6.81,Medium
macOS,34.4,1,1,5.9,1,1,0,1.31,Low
Windows,147.3,1,1,18.6,1,0,2,3.23,Low
macOS,71.4,1,0,107.9,0,0,1,3.99,Low
Linux,183.0,1,1,90.7,1,1,5,7.14,High
Windows,100.9,1,1,21.7,1,1,1,2.91,Low
Windows,461.3,0,0,85.4,1,1,1,9.76,High
Windows,30.3,1,0,1.9,1,1,0,2.62,Low
macOS,79.0,1,1,40.5,1,1,1,2.91,Low
Windows,113.8,1,0,68.3,0,0,5,6.67,Medium
Linux,65.6,1,1,64.9,1,1,4,2.14,Low
macOS,98.8,1,1,102.0,1,0,2,3.07,Low
Windows,153.5,0,1,50.8,0,1,3,9.86,High
macOS,211.9,0,1,193.2,1,1,3,9.05,High
Windows,72.5,1,1,11.8,1,0,1,2.04,Low
macOS,62.2,1,1,22.2,1,0,1,1.76,Low
Windows,206.7,1,0,54.2,1,1,4,6.86,Medium
macOS,76.2,0,0,66.6,0,0,1,8.35,High
Linux,97.5,1,1,27.7,1,0,0,2.37,Low
macOS,224.1,0,0,214.1,1,1,4,10.0,High
Linux,46.2,1,0,59.6,1,0,2,2.45,Low
Windows,67.9,1,1,12.9,1,1,1,1.35,Low
macOS,131.1,0,1,28.6,0,1,1,8.31,High
macOS,13.0,1,1,21.1,1,1,1,1.24,Low
macOS,160.7,1,1,53.9,1,1,2,4.79,Medium
Windows,182.3,1,1,57.5,1,1,2,4.95,Medium
Windows,51.1,1,0,72.9,1,0,1,2.64,Low
macOS,182.3,0,0,142.6,0,1,5,10.0,High
Windows,22.0,1,1,17.8,0,1,1,3.53,Low
macOS,17.9,1,0,7.8,1,0,1,3.08,Low
macOS,44.0,1,1,128.1,1,1,2,2.49,Low
Linux,206.2,1,0,93.6,0,1,4,9.37,High
Windows,83.8,1,1,25.2,1,0,0,2.16,Low
Linux,350.8,0,0,150.6,0,1,1,10.0,High
Windows,61.4,1,1,36.8,1,1,2,2.58,Low
Windows,173.7,1,1,75.1,0,1,3,8.14,High
macOS,27.5,0,0,70.0,0,1,0,8.16,High
Windows,83.0,0,1,44.5,0,0,1,6.12,Medium
Windows,124.9,0,0,47.4,0,0,3,10.0,High
Windows,100.6,1,1,40.8,1,0,1,2.4,Low
Windows,101.4,1,1,6.1,0,1,3,6.71,Medium
macOS,76.1,0,0,121.3,1,0,1,7.32,High
Windows,49.2,1,1,97.7,1,0,0,2.24,Low
Windows,253.4,1,1,38.7,1,1,2,4.27,Medium
macOS,213.0,1,0,42.1,0,1,5,10.0,High
Windows,116.5,1,1,0.9,1,1,0,1.83,Low
macOS,296.5,0,0,48.6,0,1,2,10.0,High
Linux,34.6,0,1,58.7,1,0,1,4.44,Medium
macOS,126.8,1,0,6.4,1,1,1,4.14,Medium
Linux,189.6,1,1,116.3,1,0,2,3.96,Low
Windows,50.0,1,1,82.3,1,1,3,2.87,Low
macOS,101.9,1,1,74.7,1,1,1,4.07,Medium
Windows,184.6,0,0,75.7,0,0,3,10.0,High
Windows,342.6,1,0,46.2,1,1,1,5.97,Medium
macOS,69.5,1,0,49.8,1,0,3,3.04,Low
Windows,200.4,1,1,142.8,0,1,1,7.1,High
Linux,179.4,1,0,33.8,0,1,0,8.48,High
macOS,112.1,0,0,150.9,0,0,0,9.15,High
Linux,126.1,1,0,39.9,1,1,1,3.92,Low
Windows,76.9,1,1,88.4,0,0,0,3.99,Low
Windows,268.9,1,1,25.5,0,1,1,6.29,Medium
macOS,35.1,1,0,11.1,1,1,1,2.81,Low
Windows,111.3,1,1,131.2,1,0,1,3.38,Low
Windows,250.8,0,1,48.4,0,1,4,10.0,High
macOS,82.8,0,0,118.0,0,0,1,8.26,High
Linux,123.0,1,1,4.6,1,1,3,4.89,Medium
macOS,88.5,1,1,55.7,1,1,1,3.41,Low
Windows,45.5,1,0,63.0,0,0,1,4.14,Medium
Windows,29.0,1,1,41.7,0,0,0,3.38,Low
macOS,130.9,0,0,69.3,0,0,1,9.41,High
Windows,178.1,1,0,66.8,1,0,3,6.6,Medium
Windows,49.9,1,0,42.2,1,0,1,2.56,Low
Windows,93.9,1,1,40.5,0,0,0,3.29,Low
Windows,35.5,1,1,94.9,0,1,1,3.97,Low
Windows,59.3,1,0,23.0,1,0,1,3.2,Low
Windows,95.8,0,0,77.4,0,1,0,9.73,High
macOS,79.6,1,0,16.0,1,0,2,4.45,Medium
Windows,74.5,0,0,47.1,1,1,3,7.47,High
macOS,73.0,0,1,26.9,1,1,0,4.3,Medium
Windows,39.0,1,1,10.3,0,0,0,2.38,Low
Linux,84.2,1,1,60.9,1,1,2,2.89,Low
Windows,57.5,1,1,100.2,1,1,2,2.23,Low
Windows,264.2,1,0,57.6,0,1,1,8.07,High
Windows,111.7,0,1,28.8,0,1,1,6.94,Medium
Windows,55.8,1,1,45.7,0,1,2,4.96,Medium
Windows,56.5,1,1,8.4,1,0,0,1.22,Low
macOS,67.0,1,1,25.8,1,0,3,2.55,Low
Linux,78.3,0,0,59.6,1,1,1,7.69,High
Windows,196.6,1,1,18.7,0,1,4,9.3,High
Windows,63.3,1,1,24.9,1,1,0,1.85,Low
macOS,115.1,1,0,132.5,1,1,2,4.02,Medium
macOS,121.4,0,1,54.2,1,0,2,6.87,Medium
Windows,108.5,1,1,44.0,1,0,0,2.63,Low
macOS,84.2,0,0,22.0,1,0,6,7.55,High
Windows,52.9,1,1,55.5,1,1,2,2.04,Low
macOS,18.4,1,1,56.5,1,1,0,1.55,Low
Windows,160.1,0,0,39.2,0,1,2,10.0,High
Windows,36.5,1,1,27.8,0,1,5,4.56,Medium
Windows,125.9,0,1,86.4,1,0,1,4.91,Medium
macOS,100.8,1,0,51.4,1,1,2,4.14,Medium
Windows,5.8,1,1,40.9,1,0,1,1.09,Low
macOS,143.5,0,1,146.2,0,1,2,8.65,High
macOS,228.8,1,1,38.6,1,0,0,3.61,Low
macOS,34.3,1,0,16.8,0,0,3,4.02,Medium
Windows,45.7,1,0,42.3,1,0,2,2.85,Low
Windows,193.4,1,1,162.6,1,1,4,7.17,High
Windows,61.7,1,1,27.3,1,0,2,1.99,Low
macOS,131.1,1,0,60.1,1,1,5,6.07,Medium
Linux,116.6,0,1,62.5,0,0,2,7.12,High
Windows,174.5,1,1,60.0,1,1,2,5.05,Medium
Linux,75.1,0,0,35.0,1,0,0,6.25,Medium
Windows,215.7,0,0,274.9,1,1,5,10.0,High
Windows,22.3,1,1,26.3,1,0,1,0.62,Low
Windows,94.3,1,1,17.7,1,1,4,4.27,Medium
macOS,45.3,0,1,21.3,1,1,0,3.87,Low
Windows,316.9,0,0,69.1,0,1,0,10.0,High
Windows,151.9,0,1,23.9,0,0,2,7.03,High
macOS,72.0,1,1,156.0,1,1,2,3.07,Low
Windows,141.0,1,1,8.9,0,1,2,6.27,Medium
Windows,51.0,1,0,17.7,0,0,2,3.78,Low
Windows,31.5,1,1,25.8,1,1,0,1.08,Low
Windows,113.4,0,1,28.0,1,1,3,6.58,Medium
Windows,15.6,1,1,3.4,1,1,1,0.37,Low
Windows,198.2,1,0,175.1,0,1,3,8.24,High
macOS,238.8,1,0,75.6,1,1,0,5.48,Medium
Windows,336.6,1,1,180.5,0,0,6,7.65,High
macOS,134.0,0,0,68.2,0,0,0,9.35,High
Windows,156.7,1,0,112.7,1,1,3,6.69,Medium
Windows,34.9,1,1,39.0,0,1,1,4.03,Medium
Windows,111.2,1,1,17.4,1,1,1,2.68,Low
Windows,75.3,1,0,35.7,1,0,1,3.56,Low
Windows,154.9,0,1,32.0,0,1,1,8.89,High
Windows,129.1,1,1,86.0,0,1,2,6.34,Medium
Linux,95.4,1,1,29.1,1,0,6,3.83,Low
macOS,76.0,0,1,104.4,1,0,1,4.89,Medium
Windows,130.0,1,1,69.4,1,0,4,5.19,Medium
macOS,69.2,1,1,14.3,1,1,1,1.89,Low
macOS,145.4,0,1,46.8,0,1,4,10.0,High
macOS,69.7,0,0,129.1,1,0,1,7.07,High
Windows,67.2,1,1,29.8,0,1,2,5.01,Medium
Windows,21.7,1,1,4.6,1,1,0,1.34,Low
Windows,147.9,0,0,147.8,0,0,2,10.0,High
Windows,103.7,0,1,123.1,0,1,1,8.56,High
Windows,102.4,0,1,48.5,1,0,2,5.13,Medium
Linux,319.7,1,1,104.4,0,1,4,9.11,High
Linux,163.2,1,1,67.4,1,1,3,6.19,Medium
Windows,130.8,1,0,49.0,1,1,2,5.15,Medium
Windows,22.8,1,1,18.1,0,0,1,2.32,Low
Windows,137.0,1,1,48.7,0,1,0,6.16,Medium
Windows,60.9,1,1,46.3,1,0,3,1.97,Low
macOS,98.0,0,1,40.5,1,1,0,5.44,Medium
Windows,105.6,1,0,153.6,0,1,1,6.96,Medium
macOS,73.7,1,1,37.1,0,0,1,4.13,Medium
Linux,188.3,0,1,34.1,0,0,5,9.56,High
macOS,144.1,1,1,28.7,1,0,1,3.91,Low
macOS,78.9,1,1,88.8,0,1,2,5.44,Medium
Windows,169.3,1,1,27.8,1,1,3,5.9,Medium
Windows,209.9,0,0,13.7,1,1,2,9.53,High
Windows,60.5,1,1,43.7,1,1,0,2.74,Low
macOS,201.3,0,0,50.1,1,1,3,10.0,High
Windows,138.7,1,0,100.7,0,0,3,6.93,Medium
macOS,14.4,1,1,65.2,0,0,1,3.17,Low
Windows,92.9,0,1,64.3,1,1,4,7.15,High
Windows,338.6,0,0,138.2,0,1,1,10.0,High
Windows,51.1,1,0,8.7,1,0,0,1.83,Low
Linux,130.4,0,1,52.8,1,1,0,6.34,Medium
Windows,153.5,1,1,167.4,0,0,1,4.48,Medium
Windows,39.1,1,0,36.5,1,1,0,2.6,Low
Windows,224.0,0,0,168.3,0,1,6,10.0,High
macOS,37.6,0,0,31.9,0,1,3,9.02,High
Linux,63.2,1,1,15.6,1,0,2,1.74,Low
Windows,167.7,0,0,54.0,0,1,5,10.0,High
Linux,240.3,1,0,177.4,0,0,2,6.9,Medium
Windows,242.3,0,1,90.0,1,1,2,7.3,High
macOS,95.8,0,1,13.8,1,0,1,4.58,Medium
Windows,106.2,1,1,52.7,1,0,2,2.75,Low
Windows,148.5,1,0,55.9,1,1,1,5.24,Medium
macOS,239.1,1,1,112.8,0,1,1,7.17,High
Windows,139.3,1,0,194.8,1,1,2,5.19,Medium
Windows,187.5,1,1,6.8,0,0,2,5.41,Medium
macOS,99.4,1,1,54.0,1,0,1,3.12,Low
Linux,88.4,1,0,85.4,1,1,2,4.24,Medium
Windows,17.9,1,1,36.3,0,1,1,3.93,Low
macOS,164.4,1,0,37.6,1,0,3,6.66,Medium
macOS,84.9,1,1,40.4,0,1,1,5.18,Medium
Windows,273.0,0,1,92.6,1,1,5,8.93,High
Linux,151.5,0,0,76.2,1,1,4,10.0,High
Windows,69.8,0,1,40.6,1,1,0,5.17,Medium
macOS,111.9,1,0,150.1,1,1,1,4.27,Medium
Windows,98.6,1,0,45.7,1,0,0,3.6,Low
Windows,193.8,1,1,10.1,1,1,2,4.43,Medium
Windows,85.3,1,1,40.8,0,1,3,5.56,Medium
Windows,55.6,1,0,107.3,1,0,0,2.0,Low
Linux,47.4,1,0,26.1,1,0,3,2.6,Low
Linux,47.2,1,1,54.0,1,0,1,1.7,Low
Windows,189.4,1,1,16.5,1,1,2,4.36,Medium
Windows,193.1,1,0,140.7,0,1,1,7.33,High
Windows,134.3,0,0,43.4,0,1,0,9.75,High
Windows,49.6,1,1,146.3,1,0,5,2.74,Low
Windows,19.1,0,0,75.3,1,0,2,6.14,Medium
Linux,33.0,1,1,14.5,0,1,0,3.95,Low
macOS,128.4,0,1,28.6,1,0,1,6.08,Medium
Windows,181.1,0,0,74.1,1,1,3,10.0,High
Windows,104.3,0,0,125.7,1,1,2,8.29,High
macOS,103.7,1,1,26.2,1,1,1,3.89,Low
Windows,72.4,0,0,103.8,1,0,1,6.36,Medium
Windows,152.8,1,0,37.6,0,1,1,6.93,Medium
Windows,55.5,1,1,30.7,1,0,0,1.84,Low
Windows,158.9,0,0,41.8,0,1,1,10.0,High
Windows,100.5,0,0,129.3,0,1,1,10.0,High
macOS,126.3,0,0,131.9,0,1,2,10.0,High
Windows,213.5,0,0,140.3,1,1,5,10.0,High
macOS,43.5,0,1,45.8,1,0,1,4.23,Medium
Windows,104.3,1,1,21.0,1,1,2,3.29,Low
Linux,20.4,1,0,12.2,1,0,1,1.68,Low
Windows,20.6,0,1,68.1,1,0,2,4.46,Medium
Windows,69.3,1,1,45.9,1,1,1,3.25,Low
Windows,99.3,0,0,46.5,1,1,4,10.0,High
Windows,132.5,1,1,165.7,1,1,2,4.36,Medium
Windows,107.8,0,0,63.7,1,1,1,8.77,High
macOS,44.9,0,1,64.9,0,0,3,6.17,Medium
Windows,235.1,1,0,72.3,0,1,3,9.7,High
Windows,259.1,0,1,57.2,0,0,5,10.0,High
Windows,194.4,0,1,9.1,1,0,2,5.99,Medium
macOS,175.2,0,1,7.3,1,0,1,6.35,Medium
Linux,238.4,0,0,111.1,1,1,6,10.0,High
macOS,96.3,1,1,48.0,1,0,1,2.29,Low
macOS,66.8,1,1,80.4,1,0,0,1.69,Low
macOS,163.1,1,1,200.6,0,0,3,6.04,Medium
macOS,138.5,0,1,61.5,0,1,0,8.28,High
Windows,27.6,0,1,92.3,1,1,0,4.32,Medium
macOS,48.2,1,1,38.8,1,1,2,2.22,Low
macOS,486.5,0,0,49.6,1,1,2,8.99,High
Windows,39.3,1,1,32.3,1,1,0,0.7,Low
macOS,53.5,1,0,37.5,1,1,4,3.55,Low
Windows,72.9,0,1,47.9,0,0,1,5.67,Medium
Windows,137.8,0,1,125.3,1,0,1,6.71,Medium
Windows,148.6,1,0,6.2,0,1,3,8.73,High
macOS,81.5,0,1,46.2,1,0,0,5.24,Medium
Linux,108.8,1,1,26.5,0,1,0,4.84,Medium
Windows,108.9,1,1,153.5,1,1,0,3.76,Low
Windows,314.3,1,0,224.6,0,1,0,7.7,High
Windows,91.0,1,1,18.2,1,0,1,1.77,Low
Windows,42.4,0,0,103.7,1,1,3,7.36,High
Linux,44.8,1,1,13.0,0,0,4,3.11,Low
Windows,84.5,1,1,30.3,1,0,0,1.83,Low
Windows,121.3,0,1,25.5,0,0,1,5.87,Medium
Windows,168.1,1,1,44.2,1,1,3,6.64,Medium
Linux,198.9,0,1,94.1,0,0,4,10.0,High
Windows,192.4,0,0,30.5,0,1,1,10.0,High
macOS,73.6,1,1,39.8,1,1,1,2.76,Low
Windows,167.9,0,1,69.5,0,0,0,7.55,High
Windows,70.7,0,1,19.2,1,1,3,5.61,Medium
macOS,139.7,0,0,78.7,1,1,3,9.97,High
Windows,183.2,0,0,82.9,1,0,0,8.58,High
macOS,41.6,1,0,44.4,0,1,2,5.29,Medium
Windows,68.7,0,1,47.1,1,0,3,5.12,Medium
macOS,94.2,1,1,82.5,1,0,2,2.97,Low
macOS,26.4,0,1,12.4,1,0,0,3.56,Low
macOS,336.8,0,1,36.1,1,1,2,7.16,High
Windows,177.2,0,1,39.4,1,1,1,7.82,High
macOS,51.5,1,0,19.8,0,1,2,5.66,Medium
Linux,454.1,0,0,22.9,0,0,4,10.0,High
Windows,99.2,1,1,59.7,1,0,0,2.37,Low
Windows,119.6,1,0,45.9,0,0,1,5.04,Medium
macOS,61.5,1,1,32.1,1,0,2,1.65,Low
Windows,183.2,1,1,23.5,1,1,0,4.66,Medium
macOS,169.3,1,0,33.4,1,0,0,4.51,Medium
macOS,177.5,1,0,102.7,0,1,8,9.78,High
Windows,116.9,0,0,93.0,0,1,3,10.0,High
macOS,62.0,1,1,40.4,1,0,0,1.71,Low
macOS,196.1,1,0,58.5,0,0,2,5.67,Medium
Windows,102.7,1,1,29.6,1,1,4,4.81,Medium
Linux,141.5,1,1,19.5,0,1,1,5.6,Medium
Windows,222.9,1,0,233.6,0,1,5,10.0,High
Windows,57.0,0,1,122.1,1,1,2,5.55,Medium
macOS,157.3,0,1,73.4,1,1,1,7.12,High
Windows,59.2,1,1,5.6,1,1,0,1.29,Low
macOS,217.7,0,1,7.5,1,0,2,6.26,Medium
Windows,172.6,1,0,17.7,0,0,4,8.75,High
Windows,160.8,1,1,41.0,1,0,1,3.37,Low
Windows,27.1,1,1,10.4,1,1,1,1.01,Low
macOS,47.8,1,1,17.8,1,0,4,1.94,Low
macOS,94.4,1,1,22.0,0,0,1,3.71,Low
macOS,60.0,1,0,170.8,0,0,4,5.14,Medium
Linux,118.5,0,1,26.6,0,0,2,6.93,Medium
macOS,72.1,0,0,18.2,0,1,2,9.98,High
macOS,70.6,0,0,20.7,1,1,0,6.88,Medium
Windows,50.5,0,1,38.5,1,1,4,5.98,Medium
Linux,74.7,0,0,49.3,1,1,4,8.64,High
macOS,225.7,1,0,16.0,1,0,1,5.2,Medium
Linux,104.2,0,0,132.4,1,1,0,8.26,High
Windows,105.0,1,1,52.1,1,1,4,5.04,Medium
Windows,131.2,0,0,77.3,0,1,3,10.0,High
macOS,141.3,1,0,50.2,1,0,1,4.69,Medium
Windows,190.6,1,0,86.8,0,1,2,7.51,High
Windows,103.7,0,0,18.6,1,1,4,10.0,High
Linux,15.5,0,0,58.8,1,0,1,5.44,Medium
Windows,33.9,1,1,45.8,1,0,1,2.07,Low
Windows,172.3,0,1,42.9,1,1,3,9.08,High
Windows,191.1,0,0,34.2,1,1,2,8.98,High
Windows,27.4,0,1,11.3,1,0,2,2.9,Low
macOS,133.0,1,1,6.3,1,0,2,3.09,Low
Linux,35.7,1,1,75.8,1,0,2,2.58,Low
Linux,21.0,1,1,42.8,0,1,1,4.32,Medium
macOS,82.2,0,1,28.0,0,0,0,5.38,Medium
macOS,225.0,0,0,43.4,0,1,3,10.0,High
Windows,52.5,1,0,23.2,0,0,0,4.86,Medium
Linux,16.2,1,1,13.0,1,0,0,0.13,Low
Windows,248.8,1,1,49.8,0,0,1,5.73,Medium
Windows,98.2,0,1,27.1,1,0,4,6.73,Medium
Linux,154.0,1,0,71.7,0,0,4,7.56,High
Linux,86.7,1,0,46.5,1,1,0,3.31,Low
Windows,148.7,0,1,57.0,0,1,1,8.5,High
macOS,91.8,1,0,146.6,1,0,3,4.25,Medium
Windows,344.5,1,0,95.6,1,1,3,7.38,High
Windows,299.3,1,1,15.7,1,1,2,4.16,Medium
Windows,214.7,1,0,33.0,0,0,3,8.59,High
Windows,92.2,0,1,82.7,1,1,2,6.09,Medium
Windows,190.2,0,1,49.9,1,1,4,8.74,High
Windows,44.8,0,1,65.4,0,0,0,6.11,Medium
Windows,72.7,0,1,36.0,0,0,3,6.23,Medium
Windows,199.4,1,1,158.8,1,0,4,5.8,Medium
Linux,113.9,1,1,173.1,0,1,4,7.95,High
macOS,127.4,1,1,19.7,1,0,2,2.76,Low
Linux,104.8,1,0,80.7,0,0,5,7.05,High
Windows,235.6,0,0,181.0,1,1,1,9.47,High
macOS,61.2,1,0,142.4,1,0,1,2.93,Low
macOS,60.8,1,1,22.9,1,1,1,2.3,Low
Windows,26.0,1,1,23.8,1,1,2,1.89,Low
Windows,46.9,1,1,88.6,1,0,0,1.82,Low
Windows,31.8,0,1,13.5,0,1,3,6.37,Medium
Windows,81.0,1,0,60.5,1,1,4,3.94,Low
Windows,65.6,0,0,108.7,1,1,4,7.58,High
Windows,47.3,1,1,24.4,0,1,1,3.95,Low
Windows,173.3,1,1,37.6,0,1,1,6.92,Medium
macOS,332.6,0,0,106.3,1,1,2,10.0,High
Windows,37.2,1,0,76.7,1,1,2,3.17,Low
Windows,120.0,1,0,25.8,0,0,2,6.04,Medium
macOS,332.7,0,1,167.3,1,1,3,8.43,High
Windows,180.4,1,1,71.4,0,1,2,7.25,High
Windows,83.0,0,0,55.6,1,0,0,6.82,Medium
Windows,28.0,1,1,3.4,1,0,1,1.0,Low
Windows,20.5,1,0,25.2,1,0,2,2.13,Low
Windows,164.7,1,1,10.2,1,1,1,4.09,Medium
Windows,186.9,0,1,192.2,0,1,2,9.85,High
Windows,184.8,1,1,72.1,0,0,4,7.48,High
Linux,55.9,1,0,106.2,0,0,0,3.78,Low
Linux,53.7,1,1,29.4,0,1,1,3.74,Low
Windows,200.4,1,1,120.7,0,1,1,6.93,Medium
Windows,46.7,0,0,11.1,0,0,3,8.54,High
Windows,41.1,1,1,17.7,1,1,4,1.6,Low
macOS,89.2,1,0,181.1,1,1,3,3.66,Low
macOS,349.9,1,0,241.5,1,1,4,7.09,High
Windows,29.8,1,1,35.0,1,1,1,1.42,Low
Windows,130.6,0,0,37.6,0,1,4,10.0,High
Windows,32.5,0,1,11.1,1,0,4,4.05,Medium
Linux,90.9,1,1,8.0,1,0,0,1.58,Low
Linux,43.3,1,1,9.9,0,1,1,4.38,Medium
Windows,41.7,1,0,28.8,0,1,1,5.32,Medium
macOS,217.6,1,1,44.7,1,0,3,5.54,Medium
Windows,179.7,0,0,30.5,1,0,6,10.0,High
macOS,54.6,1,0,12.3,0,1,0,4.54,Medium
Linux,76.5,1,1,21.5,1,0,1,1.5,Low
Windows,333.2,1,1,15.6,0,0,2,5.45,Medium
Windows,50.9,1,1,24.0,1,0,1,1.09,Low
macOS,216.3,0,1,78.5,0,1,2,9.32,High
Windows,164.2,1,1,65.2,0,1,0,6.95,Medium
macOS,159.1,1,1,64.4,1,0,2,3.86,Low
Windows,334.6,1,0,45.9,1,0,2,5.35,Medium
Linux,57.5,1,1,49.2,1,0,0,1.66,Low
Windows,163.5,1,1,31.6,0,0,2,5.32,Medium
Windows,45.2,1,1,42.9,1,0,0,1.41,Low
Windows,128.6,1,1,25.1,0,0,3,6.1,Medium
Windows,100.0,1,1,18.9,0,0,1,4.04,Medium
Windows,43.0,1,1,49.6,1,1,1,1.93,Low
macOS,43.0,1,1,15.3,0,1,1,3.35,Low
Windows,130.1,1,1,85.3,0,0,1,4.76,Medium
Windows,242.6,0,0,145.8,0,1,3,10.0,High
Windows,315.2,0,1,184.1,0,1,6,10.0,High
Windows,74.7,1,1,23.7,1,0,2,1.39,Low
Linux,20.8,0,1,4.2,1,0,0,2.67,Low
Linux,37.9,0,1,50.5,0,0,2,5.65,Medium
Windows,208.6,1,0,140.4,1,0,2,4.96,Medium
macOS,173.4,1,1,27.7,0,0,0,4.88,Medium
macOS,69.8,1,1,178.7,1,1,3,3.5,Low
Linux,190.6,0,1,105.9,0,1,3,10.0,High
Windows,78.9,1,1,48.8,1,1,1,3.45,Low
Windows,260.1,1,0,79.3,0,1,1,7.54,High
Windows,129.5,0,0,157.7,1,1,3,9.6,High
Linux,207.9,1,0,161.8,0,0,2,6.05,Medium
macOS,47.9,1,1,26.3,1,1,1,2.27,Low
Windows,282.6,0,1,174.3,1,1,6,9.17,High
Windows,81.3,1,1,24.8,0,0,0,3.79,Low
macOS,125.3,1,1,16.7,0,1,1,5.55,Medium
Linux,71.3,0,1,9.9,1,0,3,4.19,Medium
Windows,55.8,0,0,75.9,1,1,1,7.07,High
macOS,200.7,1,0,77.3,1,0,1,4.91,Medium
Windows,58.9,1,1,57.2,1,1,0,2.12,Low
Windows,164.6,0,0,129.2,1,1,4,10.0,High
Windows,52.1,1,1,7.2,0,0,0,2.08,Low
macOS,219.4,0,1,35.8,1,0,2,7.09,High
Linux,111.1,1,1,7.7,1,0,2,1.8,Low
Windows,57.1,1,0,33.1,1,0,0,3.1,Low
Windows,36.0,1,1,25.7,1,0,1,1.02,Low
Windows,65.3,1,0,7.7,1,0,1,1.8,Low
Windows,48.4,1,1,22.6,0,0,2,2.28,Low
Windows,93.1,1,1,21.3,1,0,2,2.35,Low
Windows,95.0,0,1,62.0,1,0,1,5.02,Medium
Windows,65.2,0,1,16.4,1,0,1,4.17,Medium
Windows,89.5,0,1,31.3,1,1,0,4.79,Medium
Windows,250.7,1,1,14.5,1,1,1,4.35,Medium
macOS,58.0,0,0,17.7,1,1,3,7.54,High
Windows,77.4,1,1,61.4,1,1,1,3.24,Low
macOS,343.5,1,0,92.9,0,1,3,9.65,High
Linux,95.9,1,0,65.4,1,0,1,3.71,Low
macOS,122.1,1,0,43.5,0,1,0,6.45,Medium
Windows,84.2,1,1,86.4,0,1,2,6.17,Medium
Windows,43.8,0,1,75.9,0,1,3,7.45,High
macOS,123.1,0,0,102.9,0,0,1,8.9,High
Windows,93.6,1,0,73.7,0,1,2,6.29,Medium
Windows,20.7,1,1,25.0,1,1,2,1.8,Low
Windows,129.3,1,1,41.1,0,0,0,4.71,Medium
Windows,68.0,0,1,106.0,0,0,2,6.58,Medium
Windows,29.1,1,1,93.4,0,0,3,3.69,Low
macOS,135.3,0,0,174.9,1,1,1,8.36,High
Windows,76.2,1,1,30.9,0,1,3,5.65,Medium
Windows,54.2,0,1,21.8,1,1,1,4.39,Medium
macOS,63.9,1,1,1.8,1,1,1,1.65,Low
Windows,179.6,0,1,98.2,1,0,1,5.93,Medium
macOS,86.5,1,0,19.2,1,1,0,3.88,Low
Windows,140.0,1,1,99.8,0,1,1,6.15,Medium
Windows,110.2,0,0,77.7,1,0,2,7.32,High
Linux,69.1,1,1,22.1,1,0,0,1.05,Low
Windows,142.4,1,1,49.3,0,1,3,8.13,High
Windows,33.8,1,1,65.2,0,0,0,2.97,Low
Linux,93.2,1,1,49.7,0,0,0,4.01,Medium
macOS,220.6,1,1,56.5,0,1,2,7.16,High
macOS,77.7,1,1,48.5,0,0,2,3.92,Low
Windows,147.0,1,0,55.3,1,1,0,4.7,Medium
Windows,39.3,1,1,12.7,1,1,1,1.12,Low
macOS,77.4,0,1,41.1,0,1,2,7.92,High
Windows,224.0,1,1,81.8,0,0,0,5.16,Medium
Windows,170.4,1,1,10.3,1,0,1,3.17,Low
macOS,189.7,1,0,74.9,1,1,1,5.65,Medium
Windows,33.7,1,1,65.8,1,1,1,2.61,Low
Windows,213.8,0,1,101.7,0,1,5,10.0,High
Windows,31.6,1,1,6.8,1,0,0,0.97,Low
Windows,17.7,1,0,43.1,0,0,1,3.65,Low
macOS,296.4,0,1,215.0,0,0,3,9.51,High
Linux,90.8,1,1,5.9,1,1,2,2.57,Low
Windows,23.9,1,1,26.1,1,0,2,1.18,Low
Windows,89.8,0,0,78.7,0,1,0,9.89,High
Windows,70.5,0,0,106.7,1,1,4,8.41,High
Windows,107.4,1,1,4.5,1,1,1,2.79,Low
Windows,188.5,1,0,37.1,1,0,2,5.09,Medium
Linux,102.7,1,1,11.3,1,1,0,2.31,Low
Windows,82.7,1,1,11.8,1,0,0,1.7,Low
Windows,67.0,1,1,34.9,1,0,0,1.52,Low
Linux,126.1,0,0,72.6,1,1,2,7.83,High
Windows,76.1,1,1,24.8,1,0,2,2.58,Low
Linux,63.3,0,1,73.6,0,1,4,7.97,High
Windows,222.0,0,0,107.9,1,0,5,10.0,High
Windows,304.7,0,1,24.5,1,0,3,8.21,High
Linux,67.4,1,1,21.9,0,0,2,3.12,Low
Windows,176.7,1,1,29.7,1,0,1,3.96,Low
Windows,66.0,0,1,22.4,1,0,0,3.91,Low
Windows,147.3,0,0,84.4,0,0,4,10.0,High
macOS,34.0,1,1,68.1,1,1,2,2.17,Low
macOS,166.1,0,0,36.4,0,1,2,10.0,High
Windows,101.2,0,1,53.3,1,1,0,6.21,Medium
macOS,110.0,0,1,71.6,0,0,4,8.18,High
macOS,63.3,1,0,12.0,1,0,1,3.23,Low
Windows,158.0,0,1,50.2,1,1,4,8.41,High
Windows,144.5,1,0,25.3,0,0,0,5.72,Medium
Windows,217.9,0,0,9.7,0,0,1,10.0,High
Windows,52.6,1,0,87.9,1,0,1,2.23,Low
Windows,12.7,1,1,1.6,1,0,1,0.13,Low
Windows,204.9,0,0,78.7,0,1,2,10.0,High
Windows,175.9,0,1,107.4,1,0,4,8.82,High
Windows,64.6,1,0,47.4,1,1,2,3.53,Low
macOS,122.5,0,0,3.0,0,1,1,10.0,High
Windows,78.7,0,1,67.5,1,1,4,6.02,Medium
Linux,50.6,1,1,110.3,1,1,0,2.33,Low
Linux,135.6,1,1,29.5,1,0,2,3.31,Low
macOS,57.3,1,0,27.1,0,1,0,5.09,Medium
Linux,113.2,1,1,53.8,0,0,5,6.26,Medium
Linux,163.6,1,1,34.1,0,1,1,6.26,Medium
Windows,25.6,1,1,72.2,1,1,0,1.83,Low
macOS,86.3,1,1,20.2,1,0,1,1.77,Low
Windows,48.9,1,1,18.1,0,0,2,3.67,Low
macOS,45.5,0,1,18.5,0,1,3,6.2,Medium
Windows,169.9,0,1,98.4,0,0,0,7.05,High
Windows,54.0,0,1,28.8,0,1,1,6.96,Medium
Windows,122.4,1,1,58.9,0,1,1,6.39,Medium
Linux,88.7,0,0,201.9,1,1,3,8.72,High
Windows,49.0,1,1,21.2,1,0,1,1.28,Low
Windows,23.5,1,1,5.0,0,0,0,1.89,Low
Windows,65.8,0,0,126.3,0,1,2,9.97,High
Windows,85.4,0,1,27.5,1,1,3,5.99,Medium
macOS,30.7,0,1,93.3,1,0,0,3.32,Low
macOS,91.4,0,1,141.0,1,0,3,6.7,Medium
Windows,185.6,1,1,84.1,0,1,0,7.16,High
Windows,310.8,0,1,52.3,1,1,4,8.65,High
Windows,138.4,1,0,5.7,0,1,0,7.03,High
Windows,56.8,1,1,13.0,1,1,2,1.86,Low
macOS,100.8,1,1,6.9,1,1,0,2.88,Low
macOS,20.8,0,1,34.1,1,1,0,3.08,Low
Windows,93.7,0,0,160.5,0,1,1,9.96,High
macOS,216.2,1,0,93.8,0,1,3,9.53,High
Windows,147.3,0,0,99.9,0,0,3,10.0,High
macOS,86.2,0,1,51.6,1,1,0,5.55,Medium
Windows,148.3,0,1,65.7,0,1,6,10.0,High
macOS,134.6,0,0,227.0,0,1,2,10.0,High
Windows,86.0,0,0,159.8,1,1,2,8.05,High
Linux,36.7,0,0,86.3,0,0,0,7.43,High
Windows,57.2,0,1,86.0,0,0,3,5.65,Medium
Windows,105.7,1,1,142.7,1,0,1,3.68,Low
Windows,52.5,1,1,47.3,1,0,0,2.19,Low
Windows,131.7,0,1,71.2,0,1,0,8.73,High
Windows,74.1,1,1,33.5,1,0,0,1.67,Low
macOS,121.2,1,0,37.1,0,1,0,6.73,Medium
macOS,205.0,1,0,213.4,0,1,5,9.01,High
Windows,15.8,1,1,28.9,0,1,1,3.09,Low
macOS,168.8,0,0,231.3,0,1,2,10.0,High
macOS,57.6,1,1,22.7,1,0,1,1.07,Low
Windows,90.2,1,0,32.4,0,0,1,4.68,Medium
Windows,121.3,1,1,211.5,0,1,2,6.31,Medium
Windows,127.5,1,0,92.5,0,0,0,5.4,Medium
Windows,121.3,1,0,86.8,1,0,1,3.96,Low
macOS,74.9,1,0,190.0,1,1,2,3.68,Low
Linux,110.1,0,1,23.7,1,0,0,4.67,Medium
macOS,69.5,1,1,12.2,1,0,0,1.87,Low
Windows,325.9,0,0,24.7,1,1,0,9.36,High
macOS,72.7,1,0,61.5,0,1,2,6.37,Medium
macOS,78.6,1,1,15.2,1,0,0,0.85,Low
Windows,57.0,0,0,92.6,1,0,1,6.82,Medium
macOS,338.6,0,0,27.7,0,0,2,10.0,High
Windows,163.1,0,0,24.8,1,1,2,8.95,High
Windows,62.6,1,1,20.0,1,0,3,2.75,Low
Windows,69.3,0,1,31.2,0,1,1,6.51,Medium
Windows,230.1,0,0,75.3,1,1,4,10.0,High
Linux,314.7,1,1,43.8,1,1,1,5.03,Medium
Windows,37.5,1,0,15.6,1,0,1,2.53,Low
Windows,40.5,1,1,87.2,1,1,4,2.14,Low
Windows,180.3,0,0,174.3,0,1,3,10.0,High
Windows,82.1,1,1,25.1,1,0,0,1.16,Low
Windows,150.2,1,1,14.8,1,0,1,2.61,Low
Windows,43.5,1,0,36.8,1,1,1,3.46,Low
macOS,56.1,0,1,131.0,1,0,1,4.11,Medium
Windows,114.4,0,0,51.7,1,0,3,9.03,High
macOS,56.0,1,1,30.5,1,0,0,1.06,Low
Windows,199.8,0,1,72.8,0,1,2,9.73,High
macOS,43.4,1,1,50.6,0,0,1,3.61,Low
macOS,224.6,0,1,69.3,0,0,2,7.67,High
Windows,72.5,0,1,41.3,1,0,1,4.61,Medium
Windows,192.9,0,1,60.8,1,1,5,8.41,High
Linux,129.3,0,0,34.2,1,0,2,8.94,High
Windows,125.3,1,0,66.0,1,1,0,3.96,Low
macOS,206.5,0,0,29.5,0,1,3,10.0,High
Windows,92.1,1,1,46.0,1,0,0,2.44,Low
Windows,15.4,1,1,50.5,1,0,1,1.29,Low
Windows,270.4,1,1,63.6,1,0,2,4.32,Medium
Linux,45.0,0,1,26.1,1,0,1,3.24,Low
Windows,109.8,0,1,52.1,1,1,2,6.62,Medium
macOS,102.8,0,1,42.4,1,1,0,4.99,Medium
macOS,71.8,1,1,41.6,1,0,0,1.85,Low
Windows,80.1,1,1,62.0,0,1,2,5.39,Medium
Windows,105.0,0,1,30.9,1,0,2,5.52,Medium
Windows,30.0,1,1,62.5,1,1,1,3.04,Low
Windows,65.8,1,1,12.9,1,1,3,2.19,Low
macOS,96.9,1,0,99.3,1,1,3,5.58,Medium
Windows,222.4,0,0,38.4,1,1,1,9.73,High
Windows,204.5,0,1,201.8,0,0,0,8.43,High
macOS,28.7,0,1,39.8,1,0,0,3.45,Low
macOS,51.1,0,1,49.6,1,1,3,5.11,Medium
Windows,400.9,1,0,57.8,0,1,4,10.0,High
macOS,13.3,1,0,45.9,1,1,1,1.8,Low
Windows,39.2,1,1,88.9,0,0,1,3.56,Low
macOS,40.1,1,1,19.0,1,1,2,1.58,Low
Windows,309.1,1,1,133.0,0,0,4,7.46,High
Windows,159.2,0,1,51.7,1,1,1,6.73,Medium
Windows,130.5,1,1,45.0,0,1,5,7.65,High
macOS,117.2,0,1,76.6,1,1,2,6.41,Medium
macOS,393.9,0,1,70.0,0,0,4,9.66,High
Windows,206.7,0,0,81.8,1,0,4,10.0,High
Linux,191.1,0,0,95.8,1,1,4,10.0,High
macOS,16.8,1,1,87.1,0,0,2,2.58,Low
Windows,178.2,1,1,73.8,1,0,2,4.51,Medium
macOS,25.2,1,1,18.3,1,0,0,0.69,Low
Windows,223.0,0,0,146.6,1,1,0,9.7,High
Linux,58.7,0,0,16.5,0,1,4,10.0,High
Windows,87.7,1,1,36.5,1,1,2,3.01,Low
Windows,164.5,1,1,62.3,0,1,2,6.54,Medium
Windows,425.7,0,1,205.6,1,0,0,6.58,Medium
Windows,61.4,1,1,20.0,1,0,1,1.13,Low
macOS,98.5,1,1,62.0,1,0,0,2.58,Low
Windows,35.6,0,1,10.4,1,0,0,2.82,Low
Windows,97.9,1,0,56.1,0,0,7,7.05,High
Windows,250.1,1,1,68.7,1,0,2,4.46,Medium
Linux,322.6,0,0,120.8,0,1,3,10.0,High
macOS,24.2,0,1,24.6,1,0,0,2.8,Low
Windows,111.5,1,0,51.8,0,1,4,8.3,High
Windows,138.2,1,0,121.6,1,0,1,4.31,Medium
Windows,212.8,1,0,61.7,0,1,0,7.54,High
Linux,140.0,1,0,76.6,1,1,1,5.22,Medium
macOS,38.2,1,1,58.4,0,0,4,3.72,Low
macOS,308.5,1,1,26.9,1,0,1,3.38,Low
Linux,204.8,0,0,87.2,1,0,5,10.0,High
Windows,171.5,1,1,93.7,0,1,4,9.36,High
macOS,113.4,1,1,150.4,1,0,2,3.04,Low
Windows,137.4,1,1,70.6,1,0,0,3.31,Low
Windows,121.1,0,1,163.7,0,1,1,8.53,High
Windows,31.2,0,1,16.0,1,0,2,3.97,Low
Windows,80.0,0,1,57.0,0,0,1,6.57,Medium
Linux,112.5,1,0,57.1,0,1,1,6.64,Medium
Windows,240.7,1,0,78.8,0,1,2,7.83,High
macOS,75.4,0,0,79.9,1,0,2,6.95,Medium
macOS,75.5,0,0,30.7,1,0,4,7.73,High
macOS,207.7,1,0,69.5,1,0,0,4.51,Medium
Linux,114.4,1,1,96.1,1,0,1,2.58,Low
Windows,82.7,1,1,48.3,1,1,0,2.6,Low
Windows,122.8,0,0,15.1,0,1,4,10.0,High
Windows,269.7,1,1,114.1,1,0,4,5.84,Medium
Windows,198.7,0,1,39.8,1,1,1,7.11,High
Linux,30.5,1,1,28.2,1,1,1,1.7,Low
Windows,72.5,0,1,20.4,1,0,1,4.1,Medium
Windows,353.7,1,0,154.3,1,1,0,4.82,Medium
Windows,118.1,0,1,32.3,0,0,0,6.22,Medium
Windows,76.2,1,1,12.8,1,0,0,0.9,Low
macOS,100.2,0,0,45.8,0,1,2,10.0,High
Windows,49.1,1,1,29.7,1,0,2,1.39,Low
macOS,62.7,1,1,6.7,1,1,2,2.12,Low
macOS,75.6,1,0,103.0,1,1,1,3.67,Low
macOS,200.1,1,1,37.9,0,1,1,6.67,Medium
Windows,140.5,1,1,86.4,1,0,2,3.34,Low
macOS,55.7,1,0,47.8,1,0,0,1.9,Low
Windows,92.4,0,0,75.1,0,0,6,10.0,High
Windows,240.2,0,0,52.2,0,1,3,10.0,High
macOS,58.6,1,1,16.0,0,1,2,4.37,Medium
macOS,109.1,0,0,33.5,1,0,2,7.55,High
Windows,124.1,0,1,20.2,1,1,2,6.15,Medium
Linux,65.1,1,1,27.3,0,1,3,5.08,Medium
Windows,78.8,0,1,68.8,0,0,0,5.81,Medium
macOS,238.6,1,1,47.0,1,0,1,4.31,Medium
Linux,51.9,1,1,36.6,0,1,1,3.93,Low
Windows,93.2,1,1,14.8,1,1,4,4.24,Medium
macOS,128.5,0,1,22.2,1,0,2,4.22,Medium
macOS,88.4,1,0,28.1,1,0,4,4.1,Medium
macOS,31.9,0,0,77.5,1,1,1,6.5,Medium
macOS,80.7,0,1,103.2,1,0,1,4.84,Medium
macOS,122.3,0,0,82.3,0,1,6,10.0,High
Windows,35.7,1,1,2.0,1,1,1,1.06,Low
macOS,137.8,1,0,112.0,1,1,3,5.97,Medium
Windows,60.6,1,0,216.6,1,0,2,2.48,Low
Linux,133.2,0,1,73.3,1,0,2,6.09,Medium
Windows,143.5,1,1,12.6,1,1,0,3.21,Low
Windows,72.4,1,1,77.4,1,1,2,3.38,Low
Linux,104.0,0,1,35.3,1,0,1,4.96,Medium
Windows,26.9,1,1,80.3,1,0,3,2.11,Low
Windows,23.6,0,1,8.2,1,0,2,3.55,Low
macOS,65.7,1,0,34.2,1,0,2,3.31,Low
Windows,211.7,1,0,19.7,1,1,1,5.45,Medium
Windows,56.6,1,1,17.5,1,0,0,1.48,Low
Windows,127.7,1,0,11.9,0,0,1,5.73,Medium
Windows,26.7,0,1,6.9,1,1,0,3.88,Low
Windows,14.6,1,1,41.2,1,0,1,1.99,Low
Windows,65.0,1,1,18.0,1,1,2,1.93,Low
Windows,140.2,1,1,12.5,0,1,4,7.59,High
Windows,367.0,0,1,70.3,0,1,5,10.0,High
Windows,118.1,1,1,18.2,0,0,4,5.75,Medium
macOS,180.5,1,1,70.9,0,0,2,6.2,Medium
macOS,56.9,1,1,12.0,1,1,2,2.18,Low
Windows,107.3,1,0,38.5,1,1,2,3.98,Low
Windows,58.1,0,1,30.1,1,1,0,4.18,Medium
Linux,47.7,1,0,30.8,1,1,1,3.38,Low
macOS,32.7,0,1,7.0,1,0,1,2.98,Low
Windows,69.2,1,1,22.4,0,1,3,4.53,Medium
Windows,228.4,1,1,97.3,1,1,2,4.88,Medium
Windows,136.5,1,1,37.3,1,1,2,3.31,Low
macOS,248.3,0,0,69.4,0,1,3,10.0,High
Linux,137.5,0,1,47.5,1,0,2,6.73,Medium
Linux,79.6,0,1,5.8,1,0,0,3.68,Low
Windows,110.4,1,1,36.0,1,0,0,2.66,Low
Windows,471.7,0,0,114.6,1,1,0,8.77,High
Windows,62.0,1,1,4.8,1,0,3,2.03,Low
Windows,149.8,1,0,85.8,0,1,2,7.36,High
Windows,136.9,0,1,16.5,1,1,2,6.3,Medium
macOS,120.8,0,1,15.7,1,0,1,4.85,Medium
Windows,108.5,1,0,14.3,0,1,2,6.54,Medium
Linux,25.5,1,0,4.7,1,0,2,2.39,Low
Windows,57.1,1,1,5.4,1,0,0,1.1,Low
Windows,50.0,1,0,16.0,1,1,1,3.28,Low
Linux,157.1,1,0,120.0,1,1,3,6.31,Medium
macOS,102.5,1,0,50.4,1,1,2,3.96,Low
Windows,155.8,1,0,27.0,0,1,1,6.8,Medium
macOS,156.4,0,0,100.5,1,1,1,8.65,High
Windows,55.5,1,1,118.5,1,0,8,2.21,Low
Windows,104.3,1,1,42.9,0,1,1,4.99,Medium
Windows,90.1,1,0,38.3,1,0,2,3.5,Low
Windows,142.3,1,0,39.2,1,0,5,6.46,Medium
macOS,39.6,1,1,10.9,0,0,1,2.33,Low
